Datum;MedTemp;MaxTemp;MinTemp;Niederschlag;Monat;MedGlobalstrahlung;MedStarhlungBilanz
01.01.2014;6,2;9,8;2,4;0,00;1,00;44,9;-17,8
02.01.2014;7,0;10,0;4,8;1,60;1,00;24,3;-37,1
03.01.2014;7,8;10,8;4,3;0,30;1,00;22,4;-35,1
04.01.2014;7,7;9,7;5,6;1,33;1,00;11,9;-31,8
05.01.2014;5,8;8,6;1,4;0,72;1,00;29,1;-41,2
06.01.2014;7,1;12,2;1,0;0,00;1,00;33,8;-10,0
07.01.2014;11,4;14,5;7,6;0,00;1,00;27,1;-15,1
08.01.2014;11,7;15,9;8,6;0,09;1,00;39,8;-23,1
09.01.2014;11,8;17,1;6,7;4,05;1,00;45,7;-15,9
10.01.2014;6,1;9,6;2,5;2,10;1,00;41,4;-47,9
11.01.2014;4,6;8,8;1,4;2,75;1,00;11,1;-35,7
12.01.2014;3,6;6,8;1,5;0,17;1,00;45,0;-39,0
13.01.2014;5,5;9,9;0,5;3,96;1,00;31,9;-13,8
14.01.2014;6,0;7,4;4,1;0,69;1,00;11,8;-24,2
15.01.2014;4,6;7,1;1,6;0,00;1,00;61,8;-32,7
16.01.2014;7,4;9,8;5,4;2,31;1,00;16,0;-27,7
17.01.2014;6,5;9,8;2,9;0,00;1,00;33,4;-26,7
18.01.2014;3,5;7,4;0,7;0,00;1,00;47,7;-28,2
19.01.2014;3,3;5,9;1,6;0,00;1,00;38,8;-4,1
20.01.2014;4,2;5,5;2,8;0,00;1,00;9,0;-9,7
21.01.2014;4,9;5,6;3,7;1,18;1,00;8,0;-20,6
22.01.2014;5,4;6,4;4,5;0,00;1,00;13,9;-4,2
23.01.2014;5,1;5,8;4,2;0,39;1,00;23,1;-17,9
24.01.2014;3,2;4,8;2,0;1,45;1,00;16,9;-26,5
25.01.2014;3,7;5,5;2,7;0,02;1,00;19,8;-5,9
26.01.2014;4,7;6,7;2,2;2,41;1,00;50,5;-14,0
27.01.2014;3,9;5,7;1,2;2,00;1,00;37,7;-41,8
28.01.2014;3,6;8,2;0,1;0,00;1,00;76,8;-19,8
29.01.2014;0,7;3,0;-0,9;0,00;1,00;52,8;-18,9
30.01.2014;1,3;4,7;-1,1;0,00;1,00;54,1;-7,7
31.01.2014;1,7;6,3;-1,2;0,00;1,00;63,7;-22,3
01.02.2014;5,1;11,5;-0,2;0,80;2,00;58,5;-13,7
02.02.2014;4,2;6,7;2,4;3,41;2,00;30,6;-13,3
03.02.2014;3,3;5,0;1,8;0,00;2,00;24,1;-15,7
04.02.2014;5,1;9,4;2,0;0,00;2,00;33,7;-13,3
05.02.2014;3,8;7,0;0,2;0,00;2,00;31,1;-28,0
06.02.2014;8,1;12,1;3,9;0,00;2,00;79,1;-0,9
07.02.2014;9,0;11,5;5,3;0,21;2,00;35,0;-28,6
08.02.2014;6,2;11,1;2,9;0,42;2,00;34,3;-41,6
09.02.2014;5,8;9,2;2,1;1,13;2,00;49,4;-28,7
10.02.2014;4,3;6,6;0,8;0,94;2,00;20,8;-28,1
11.02.2014;5,4;9,1;1,1;0,08;2,00;59,9;-10,4
12.02.2014;5,6;10,0;1,2;0,05;2,00;95,5;7,8
13.02.2014;6,7;9,0;3,8;7,62;2,00;31,2;-37,9
14.02.2014;6,1;9,5;2,9;0,18;2,00;75,3;5,8
15.02.2014;8,8;12,3;5,9;6,47;2,00;11,5;-34,9
16.02.2014;7,1;9,5;4,6;0,00;2,00;42,3;-9,8
17.02.2014;7,2;13,3;3,2;0,05;2,00;130,3;16,6
18.02.2014;6,4;13,0;1,6;0,00;2,00;89,5;4,1
19.02.2014;8,2;11,0;5,8;0,12;2,00;36,7;-6,7
20.02.2014;8,6;13,7;5,4;0,00;2,00;116,3;14,0
21.02.2014;7,4;10,1;2,5;1,78;2,00;49,4;-39,3
22.02.2014;5,7;10,3;1,8;0,39;2,00;97,2;8,9
23.02.2014;7,3;12,8;3,3;0,03;2,00;131,3;26,6
24.02.2014;6,8;16,1;0,5;0,00;2,00;142,8;6,1
25.02.2014;8,7;14,8;2,9;0,09;2,00;108,7;13,9
26.02.2014;8,6;13,0;6,4;3,76;2,00;73,6;-6,3
27.02.2014;7,2;10,8;4,6;1,03;2,00;71,4;3,7
28.02.2014;7,4;11,9;3,9;0,17;2,00;119,2;21,4
01.03.2014;6,7;10,0;3,7;0,05;3,00;80,1;15,2
02.03.2014;6,2;9,7;4,2;0,19;3,00;60,7;-6,6
03.03.2014;6,0;10,3;1,9;0,12;3,00;61,6;2,0
04.03.2014;8,0;12,6;4,3;0,00;3,00;114,7;33,1
05.03.2014;8,0;12,3;4,2;0,00;3,00;78,0;2,0
06.03.2014;6,0;11,9;1,1;0,00;3,00;114,0;10,0
07.03.2014;7,6;15,4;1,3;0,00;3,00;148,6;25,6
08.03.2014;9,2;16,9;2,3;0,00;3,00;151,8;20,0
09.03.2014;10,8;20,0;3,0;0,00;3,00;169,1;25,6
10.03.2014;9,9;17,6;3,0;0,00;3,00;163,8;25,2
11.03.2014;9,1;16,6;3,0;0,00;3,00;155,2;26,1
12.03.2014;10,4;20,0;2,5;0,00;3,00;167,0;26,7
13.03.2014;10,9;19,7;4,0;0,00;3,00;164,4;29,1
14.03.2014;11,2;20,2;4,1;0,00;3,00;164,9;28,8
15.03.2014;8,6;12,3;7,1;0,45;3,00;35,2;-28,9
16.03.2014;11,3;16,4;7,7;0,00;3,00;68,4;7,5
17.03.2014;12,8;19,8;6,6;0,00;3,00;183,1;45,1
18.03.2014;12,5;19,9;5,3;0,00;3,00;139,5;41,4
19.03.2014;11,6;15,9;7,5;0,00;3,00;116,4;25,7
20.03.2014;13,9;24,1;4,5;0,00;3,00;180,8;35,5
21.03.2014;16,0;22,1;10,2;0,00;3,00;169,4;51,2
22.03.2014;11,5;14,8;7,5;1,33;3,00;48,8;-15,0
23.03.2014;7,2;9,4;4,6;0,04;3,00;67,8;6,9
24.03.2014;5,1;10,3;2,1;5,80;3,00;92,7;4,4
25.03.2014;5,4;11,0;1,9;0,09;3,00;139,6;32,7
26.03.2014;5,5;11,2;0,1;0,00;3,00;140,2;32,8
27.03.2014;8,2;15,6;0,8;0,00;3,00;192,3;56,4
28.03.2014;11,1;18,7;3,4;0,02;3,00;201,4;61,0
29.03.2014;12,5;21,2;3,9;0,01;3,00;209,2;61,3
30.03.2014;13,6;22,5;5,4;0,00;3,00;205,5;60,9
31.03.2014;13,8;21,6;7,4;0,00;3,00;169,7;47,2
01.04.2014;14,8;22,4;8,3;0,00;4,00;184,6;64,5
02.04.2014;16,4;24,5;9,3;0,00;4,00;204,0;68,9
03.04.2014;17,3;23,6;11,4;0,00;4,00;152,8;49,1
04.04.2014;16,9;23,9;11,4;0,00;4,00;144,7;40,7
05.04.2014;14,0;16,1;12,3;1,18;4,00;57,6;-1,8
06.04.2014;15,4;21,9;11,0;0,04;4,00;159,3;67,1
07.04.2014;16,0;23,4;8,2;0,00;4,00;179,4;64,4
08.04.2014;13,7;17,4;10,5;2,93;4,00;135,2;40,0
09.04.2014;10,8;15,4;7,2;0,00;4,00;204,4;71,0
10.04.2014;12,6;18,6;8,3;0,00;4,00;164,2;63,4
11.04.2014;14,0;20,7;7,0;0,00;4,00;240,9;91,2
12.04.2014;14,9;21,6;8,0;0,00;4,00;189,7;72,4
13.04.2014;14,7;19,5;11,4;0,00;4,00;234,4;94,3
14.04.2014;10,8;14,7;8,0;0,00;4,00;141,3;41,5
15.04.2014;6,8;9,4;3,9;0,00;4,00;121,7;27,3
16.04.2014;8,0;13,3;2,2;0,00;4,00;202,0;67,2
17.04.2014;10,1;17,7;3,2;0,00;4,00;257,7;91,9
18.04.2014;8,0;11,5;5,2;1,25;4,00;63,4;-18,3
19.04.2014;9,6;17,2;4,5;0,00;4,00;95,9;37,5
20.04.2014;13,5;19,2;7,0;0,00;4,00;190,0;83,3
21.04.2014;12,4;18,9;7,1;2,29;4,00;145,3;33,4
22.04.2014;14,2;20,2;8,5;0,00;4,00;217,3;106,3
23.04.2014;15,6;22,4;8,6;0,02;4,00;204,1;85,0
24.04.2014;16,8;24,7;8,7;0,00;4,00;254,9;109,4
25.04.2014;17,6;25,8;10,5;0,26;4,00;228,7;91,1
26.04.2014;16,2;21,5;11,6;9,06;4,00;163,1;77,0
27.04.2014;12,2;15,2;10,0;22,34;4,00;84,1;-7,8
28.04.2014;12,2;14,3;10,1;0,00;4,00;64,5;22,8
29.04.2014;14,0;18,5;11,7;0,00;4,00;108,5;55,5
30.04.2014;14,0;20,6;11,2;0,00;4,00;119,2;56,4
01.05.2014;13,0;16,4;10,3;13,7;5,0;72,9;15,5
02.05.2014;12,0;17,0;9,4;5,2;5,0;97,4;27,3
03.05.2014;8,4;10,4;6,2;0,0;5,0;48,7;-2,9
04.05.2014;10,9;17,4;3,9;0,0;5,0;289,0;130,2
05.05.2014;13,5;21,1;6,0;0,0;5,0;271,3;117,3
06.05.2014;17,2;23,4;10,0;0,0;5,0;201,8;89,0
07.05.2014;15,5;18,6;12,2;0,4;5,0;147,0;46,6
08.05.2014;15,0;19,6;10,3;1,3;5,0;176,8;70,9
09.05.2014;16,5;21,5;12,9;1,4;5,0;206,9;67,1
10.05.2014;15,1;20,5;10,5;1,3;5,0;145,8;37,0
11.05.2014;12,2;17,5;8,3;5,1;5,0;237,0;79,9
12.05.2014;9,8;13,7;7,6;1,5;5,0;158,4;26,9
13.05.2014;10,4;15,5;7,5;4,4;5,0;184,0;76,2
14.05.2014;11,8;16,6;8,6;0,3;5,0;256,8;121,8
15.05.2014;11,0;13,9;8,2;0,6;5,0;175,2;83,6
16.05.2014;13,3;18,1;9,5;0,2;5,0;254,0;136,0
17.05.2014;14,1;20,3;7,5;0,0;5,0;252,1;123,8
18.05.2014;16,0;23,3;8,4;0,0;5,0;260,9;120,3
19.05.2014;18,4;24,4;10,7;0,0;5,0;214,6;91,3
20.05.2014;20,9;29,9;12,4;0,0;5,0;297,3;137,1
21.05.2014;22,3;29,6;13,2;0,0;5,0;270,5;120,1
22.05.2014;21,5;29,2;0,8;0,0;5,0;246,5;116,3
23.05.2014;17,5;23,1;13,1;2,5;5,0;196,2;79,0
24.05.2014;15,9;21,5;12,3;3,6;5,0;191,7;80,5
25.05.2014;17,5;23,6;10,4;0,1;5,0;257,7;125,7
26.05.2014;16,0;20,9;13,7;11,7;5,0;118,6;37,3
27.05.2014;15,6;18,6;14,1;0,0;5,0;141,0;74,7
28.05.2014;15,7;19,6;12,5;0,0;5,0;156,5;74,5
29.05.2014;16,0;20,9;11,2;0,0;5,0;195,9;90,3
30.05.2014;12,2;15,7;8,5;0,6;5,0;146,0;50,3
31.05.2014;14,3;23,1;5,8;0,0;5,0;268,7;119,4
01.06.2014;16,0;24,0;9,5;0,00;6,00;209,1;103,2
02.06.2014;16,8;22,8;13,1;0,04;6,00;190,5;88,0
03.06.2014;16,9;23,4;12,4;0,17;6,00;188,7;84,9
04.06.2014;16,3;24,7;11,1;3,16;6,00;183,4;50,9
05.06.2014;15,9;22,0;9,8;0,00;6,00;243,8;117,7
06.06.2014;20,0;28,8;10,0;0,00;6,00;314,7;154,3
07.06.2014;24,4;34,0;15,0;0,00;6,00;298,6;150,0
08.06.2014;27,5;36,8;17,7;0,00;6,00;308,7;155,1
09.06.2014;29,1;38,2;20,2;0,00;6,00;313,3;153,7
10.06.2014;26,7;35,2;19,2;11,33;6,00;256,2;119,8
11.06.2014;23,8;30,8;18,4;1,67;6,00;224,4;120,8
12.06.2014;23,8;30,3;18,6;0,00;6,00;273,6;145,6
13.06.2014;22,4;26,7;18,1;0,00;6,00;307,1;159,9
14.06.2014;18,1;22,4;14,6;0,00;6,00;184,9;62,3
15.06.2014;17,7;23,2;12,2;0,00;6,00;257,2;111,9
16.06.2014;18,9;24,7;13,7;0,00;6,00;305,3;144,9
17.06.2014;16,5;22,8;13,7;3,77;6,00;185,3;70,7
18.06.2014;18,9;25,5;12,1;0,00;6,00;266,3;119,4
19.06.2014;19,7;24,3;15,3;0,00;6,00;306,7;152,8
20.06.2014;16,3;20,8;12,1;0,07;6,00;196,0;89,3
21.06.2014;17,1;24,0;9,8;0,00;6,00;308,4;148,2
22.06.2014;19,4;26,7;11,1;0,00;6,00;330,9;153,9
23.06.2014;19,9;26,6;12,3;0,38;6,00;291,3;131,8
24.06.2014;20,5;27,0;15,2;0,00;6,00;318,2;157,2
25.06.2014;17,7;21,3;14,5;0,00;6,00;196,7;83,9
26.06.2014;17,6;24,8;9,5;0,00;6,00;321,2;147,6
27.06.2014;20,4;27,5;11,9;0,00;6,00;242,4;108,0
28.06.2014;19,7;23,7;16,5;3,66;6,00;127,9;8,3
29.06.2014;17,8;20,9;14,4;1,39;6,00;152,7;60,3
30.06.2014;15,8;21,3;12,8;4,92;6,00;210,5;96,0
01.07.2014;18,6;25,2;11,8;0,00;7,00;263,8;125,6
02.07.2014;18,9;25,0;14,3;0,02;7,00;217,0;99,9
03.07.2014;22,1;29,6;14,3;0,00;7,00;317,1;151,7
04.07.2014;24,2;32,3;14,8;0,00;7,00;240,2;109,2
05.07.2014;20,5;24,5;17,3;1,86;7,00;165,2;64,2
06.07.2014;24,8;32,4;17,4;11,66;7,00;261,1;139,8
07.07.2014;20,2;24,8;14,3;24,26;7,00;148,7;66,2
08.07.2014;15,7;18,1;14,2;4,92;7,00;58,9;-32,5
09.07.2014;13,2;14,5;12,3;5,74;7,00;74,9;-14,7
10.07.2014;14,6;17,3;12,3;0,15;7,00;61,7;27,4
11.07.2014;19,5;26,2;15,4;0,16;7,00;184,6;103,3
12.07.2014;19,4;25,0;16,9;0,00;7,00;150,4;78,9
13.07.2014;19,7;25,8;17,0;0,03;7,00;173,3;91,8
14.07.2014;20,1;26,5;16,8;5,05;7,00;214,8;100,8
15.07.2014;21,8;27,8;17,1;0,00;7,00;264,4;129,5
16.07.2014;22,5;28,9;15,7;0,00;7,00;255,7;128,1
17.07.2014;24,1;31,5;16,0;0,00;7,00;309,7;150,2
18.07.2014;25,9;34,2;17,0;0,00;7,00;312,1;143,7
19.07.2014;27,0;36,1;18,1;0,00;7,00;302,1;139,0
20.07.2014;24,1;31,6;18,9;8,20;7,00;153,0;59,3
21.07.2014;20,0;22,7;18,0;3,40;7,00;110,6;16,8
22.07.2014;20,6;26,8;17,6;35,27;7,00;87,2;-9,3
23.07.2014;22,8;29,7;16,3;0,00;7,00;272,3;145,6
24.07.2014;22,7;29,5;15,8;0,00;7,00;282,9;132,1
25.07.2014;21,8;28,1;17,0;0,16;7,00;216,5;94,6
26.07.2014;19,6;22,7;16,4;0,70;7,00;100,6;14,9
27.07.2014;22,5;28,2;18,1;3,78;7,00;253,5;130,0
28.07.2014;22,4;29,3;16,8;11,49;7,00;225,6;125,1
29.07.2014;18,6;21,6;16,7;7,66;7,00;60,1;12,9
30.07.2014;19,6;23,4;17,6;7,80;7,00;103,6;36,1
31.07.2014;21,6;27,6;17,6;0,00;7,00;221,2;120,6
01.08.2014;21,4;27,9;15,8;0,00;8,00;224,4;95,0
02.08.2014;21,3;27,1;16,1;3,11;8,00;169,2;53,0
03.08.2014;20,6;26,7;17,1;0,02;8,00;137,1;60,8
04.08.2014;21,2;27,9;16,7;0,04;8,00;218,0;101,7
05.08.2014;19,1;24,0;14,4;0,00;8,00;223,2;96,9
06.08.2014;20,1;27,1;13,7;0,00;8,00;234,7;106,4
07.08.2014;19,8;26,6;16,4;5,80;8,00;144,9;25,4
08.08.2014;21,9;29,9;15,2;0,00;8,00;238,6;117,8
09.08.2014;23,0;27,5;18,7;0,00;8,00;213,1;94,3
10.08.2014;23,4;30,8;18,5;2,05;8,00;189,0;86,6
11.08.2014;20,3;26,1;16,9;1,31;8,00;209,0;91,6
12.08.2014;19,1;25,1;16,1;0,00;8,00;185,1;85,0
13.08.2014;16,4;19,5;14,5;4,70;8,00;78,6;-6,0
14.08.2014;16,3;21,4;12,8;0,86;8,00;164,5;67,5
15.08.2014;15,1;19,3;12,8;13,91;8,00;113,5;4,8
16.08.2014;15,8;20,9;13,1;0,44;8,00;182,5;85,2
17.08.2014;17,6;22,8;13,1;0,00;8,00;229,4;99,2
18.08.2014;16,7;20,2;14,8;0,00;8,00;99,0;30,8
19.08.2014;16,7;21,9;13,4;0,00;8,00;172,4;75,5
20.08.2014;15,6;20,9;11,1;0,01;8,00;185,7;75,9
21.08.2014;16,2;21,8;10,9;0,04;8,00;220,8;89,1
22.08.2014;16,1;22,2;10,7;0,00;8,00;179,4;70,4
23.08.2014;15,3;20,4;11,7;2,32;8,00;101,0;9,4
24.08.2014;14,2;19,9;10,6;0,42;8,00;196,9;65,7
25.08.2014;15,1;20,5;10,2;1,12;8,00;132,2;52,2
26.08.2014;16,5;22,2;13,4;34,90;8,00;101,8;7,0
27.08.2014;16,8;22,2;13,7;0,16;8,00;150,3;41,3
28.08.2014;18,6;26,9;12,3;0,00;8,00;162,0;75,0
29.08.2014;19,5;25,0;15,0;1,78;8,00;127,5;51,0
30.08.2014;19,3;25,1;14,6;2,68;8,00;197,7;79,2
31.08.2014;15,3;17,2;13,2;15,77;8,00;54,8;-20,0
01.09.2014;14,7;18,6;12,4;0,00;9,00;81,6;29,4
02.09.2014;15,7;20,2;12,8;0,00;9,00;120,4;48,9
03.09.2014;16,0;18,1;14,2;0,00;9,00;37,4;13,4
04.09.2014;17,4;20,2;15,6;0,00;9,00;44,1;15,8
05.09.2014;20,1;27,3;14,8;0,00;9,00;211,7;96,5
06.09.2014;20,3;27,7;16,3;0,00;9,00;168,8;75,5
07.09.2014;20,2;26,4;14,6;0,00;9,00;165,2;63,3
08.09.2014;21,1;27,8;16,3;0,00;9,00;177,8;81,2
09.09.2014;20,2;25,1;16,8;0,00;9,00;178,1;67,2
10.09.2014;16,7;21,4;12,8;0,00;9,00;169,9;61,5
11.09.2014;13,8;17,5;11,8;2,54;9,00;91,0;-4,2
12.09.2014;12,9;14,5;11,9;21,37;9,00;21,5;-15,6
13.09.2014;15,4;17,0;13,5;1,68;9,00;35,5;-26,4
14.09.2014;17,4;22,5;14,7;0,00;9,00;113,3;12,3
15.09.2014;16,9;21,8;12,4;0,00;9,00;88,3;31,3
16.09.2014;18,2;26,1;12,7;0,00;9,00;166,4;55,3
17.09.2014;18,9;26,5;12,8;0,00;9,00;192,7;64,8
18.09.2014;19,6;26,1;15,9;0,59;9,00;125,5;32,6
19.09.2014;20,0;27,1;16,1;0,79;9,00;157,4;53,2
20.09.2014;19,8;25,1;16,7;4,65;9,00;136,1;42,8
21.09.2014;17,1;21,8;13,8;22,89;9,00;101,0;26,7
22.09.2014;12,0;15,0;13,0;1,93;9,00;77,1;-11,0
23.09.2014;10,8;17,6;6,5;0,00;9,00;160,6;40,5
24.09.2014;12,2;18,7;6,2;0,33;9,00;146,3;36,6
25.09.2014;13,7;18,0;10,3;0,13;9,00;110,5;36,1
26.09.2014;14,9;20,5;10,7;0,00;9,00;168,3;65,3
27.09.2014;16,2;21,4;13,1;0,00;9,00;123,5;44,1
28.09.2014;16,9;25,0;10,2;0,00;9,00;162,6;44,2
29.09.2014;19,2;28,8;13,3;0,00;9,00;160,8;47,4
30.09.2014;18,1;21,5;15,0;0,19;9,00;63,6;7,4
01.10.2014;17,2;23,1;13,7;0,00;10,00;143,7;45,1
02.10.2014;16,1;22,9;11,4;0,00;10,00;138,5;29,4
03.10.2014;15,1;21,7;10,4;0,00;10,00;157,0;30,3
04.10.2014;13,2;18,1;9,0;0,00;10,00;151,6;26,3
05.10.2014;14,6;20,8;11,3;0,00;10,00;122,0;30,0
06.10.2014;13,6;19,1;10,7;0,00;10,00;83,1;9,1
07.10.2014;15,4;20,7;11,6;0,59;10,00;52,5;-21,2
08.10.2014;17,5;23,6;13,9;0,04;10,00;59,7;7,5
09.10.2014;20,4;28,8;15,2;0,00;10,00;131,6;40,9
10.10.2014;16,9;19,3;15,4;2,14;10,00;38,5;-23,0
11.10.2014;16,5;20,8;14,0;0,70;10,00;55,9;-8,1
12.10.2014;16,2;21,5;13,0;0,00;10,00;94,5;28,4
13.10.2014;16,1;19,1;13,7;0,35;10,00;32,8;-20,5
14.10.2014;16,4;21,7;13,2;0,10;10,00;117,3;21,2
15.10.2014;15,9;20,2;12,4;2,77;10,00;81,9;11,7
16.10.2014;15,4;17,9;14,0;6,54;10,00;39,1;-25,7
17.10.2014;14,9;18,9;11,9;18,03;10,00;69,0;-5,8
18.10.2014;15,6;24,4;9,8;0,00;10,00;126,3;17,0
19.10.2014;18,1;26,2;11,9;0,00;10,00;123,6;15,8
20.10.2014;17,5;20,5;15,2;0,00;10,00;40,4;-4,3
21.10.2014;14,5;19,1;9,3;1,48;10,00;76,2;-6,0
22.10.2014;8,2;9,7;4,5;0,02;10,00;45,4;-6,1
23.10.2014;9,7;13,0;7,2;0,00;10,00;65,6;11,8
24.10.2014;9,4;15,9;4,6;0,00;10,00;115,3;3,7
25.10.2014;11,4;15,9;7,5;0,51;10,00;64,5;15,5
26.10.2014;13,5;18,7;9,7;0,00;10,00;95,4;11,9
27.10.2014;9,6;15,3;5,0;0,00;10,00;112,7;-0,1
28.10.2014;7,5;12,0;4,5;0,01;10,00;40,2;-5,6
29.10.2014;10,5;17,2;6,6;0,00;10,00;92,2;11,2
30.10.2014;12,1;15,6;9,4;0,42;10,00;41,1;-10,6
31.10.2014;13,4;20,1;9,5;0,00;10,00;93,1;12,9
01.11.2014;13,3;20,6;9,0;0,00;11,00;96,0;-5,1
02.11.2014;12,5;18,8;8,1;0,00;11,00;87,8;-10,0
03.11.2014;14,6;19,6;10,9;0,00;11,00;70,6;2,2
04.11.2014;12,6;15,8;10,6;0,00;11,00;55,2;-8,5
05.11.2014;8,5;11,3;6,5;14,68;11,00;21,4;-21,9
06.11.2014;7,9;12,0;4,6;0,85;11,00;62,8;-26,0
07.11.2014;8,3;14,2;2,1;0,00;11,00;74,3;-2,7
08.11.2014;9,8;16,2;5,8;0,00;11,00;92,7;-17,9
09.11.2014;8,7;14,2;4,8;0,00;11,00;71,7;-11,0
10.11.2014;8,4;10,3;6,7;1,61;11,00;21,1;-24,6
11.11.2014;7,5;11,3;5,3;0,00;11,00;44,0;-26,0
12.11.2014;8,4;10,0;6,1;3,93;11,00;19,0;-6,3
13.11.2014;10,7;11,9;9,6;0,36;11,00;10,2;-35,1
14.11.2014;10,7;14,7;8,1;0,00;11,00;61,4;-9,3
15.11.2014;9,6;13,3;6,2;6,42;11,00;54,4;-4,5
16.11.2014;9,8;13,6;7,8;9,89;11,00;44,5;-40,6
17.11.2014;8,6;11,1;6,7;0,00;11,00;42,2;-5,5
18.11.2014;7,7;8,7;6,4;4,89;11,00;15,3;-19,8
19.11.2014;7,7;9,6;5,0;6,08;11,00;14,3;-43,1
20.11.2014;5,6;8,6;2,0;0,00;11,00;33,2;-12,0
21.11.2014;7,4;9,6;5,4;0,00;11,00;27,5;-8,8
22.11.2014;10,0;15,7;6,9;0,00;11,00;60,8;-10,5
23.11.2014;8,7;14,9;4,5;0,00;11,00;65,9;-19,7
24.11.2014;9,8;14,0;8,3;0,00;11,00;41,8;4,1
25.11.2014;9,1;11,0;7,1;0,00;11,00;24,9;1,8
26.11.2014;7,1;9,0;5,8;0,00;11,00;19,8;0,2
27.11.2014;7,5;10,3;5,9;0,02;11,00;37,7;0,2
28.11.2014;5,1;8,5;3,5;0,02;11,00;55,2;-14,3
29.11.2014;3,7;4,6;3,0;0,00;11,00;12,3;-6,0
30.11.2014;3,4;4,5;2,6;0,00;11,00;12,1;-5,6
01.12.2014;4,2;5,2;3,0;0,00;12,00;6,9;-14,0
02.12.2014;3,7;4,7;2,6;1,91;12,00;5,3;-19,8
03.12.2014;3,2;4,7;1,9;1,46;12,00;4,2;-22,3
04.12.2014;4,6;6,0;3,5;0,00;12,00;11,5;-11,0
05.12.2014;4,3;5,0;3,3;0,00;12,00;6,9;-9,2
06.12.2014;4,6;5,7;3,5;0,00;12,00;9,0;-6,8
07.12.2014;4,0;5,1;3,1;0,05;12,00;5,7;-16,1
08.12.2014;4,4;6,9;1,3;0,26;12,00;26,1;-24,8
09.12.2014;2,7;4,4;0,2;0,00;12,00;11,1;-15,7
10.12.2014;2,9;5,4;0,2;1,03;12,00;12,5;-30,3
11.12.2014;6,3;8,2;4,8;0,10;12,00;26,7;-31,2
12.12.2014;8,6;10,9;6,1;0,00;12,00;38,9;-17,0
13.12.2014;10,2;12,8;7,9;0,00;12,00;35,2;-17,5
14.12.2014;9,5;10,4;8,7;0,95;12,00;5,8;-29,5
15.12.2014;8,2;10,5;4,2;0,03;12,00;12,4;-27,4
16.12.2014;6,0;8,3;3,0;0,85;12,00;11,9;-28,1
17.12.2014;5,0;7,9;2,0;3,48;12,00;12,1;-38,2
18.12.2014;10,9;13,8;7,7;0,91;12,00;15,5;-26,7
19.12.2014;11,4;13,4;9,3;4,72;12,00;11,6;-32,2
20.12.2014;7,0;9,7;4,7;0,00;12,00;21,8;-22,5
21.12.2014;6,6;8,5;4,5;0,11;12,00;37,4;-14,5
22.12.2014;8,3;11,0;6,3;0,00;12,00;39,4;-5,6
23.12.2014;6,8;12,2;1,6;0,13;12,00;59,9;-33,9
24.12.2014;6,2;10,6;0,5;0,14;12,00;23,2;-24,9
25.12.2014;6,0;8,7;4,6;2,13;12,00;23,4;-26,8
26.12.2014;3,1;5,4;1,3;2,78;12,00;28,1;-20,7
27.12.2014;1,8;3,9;0,0;4,64;12,00;17,5;-29,5
28.12.2014;-2,8;1,5;-7,3;1,53;12,00;23,9;-44,1
29.12.2014;-3,8;0,3;-8,6;0,70;12,00;7,1;-27,5
30.12.2014;0,7;2,7;-0,9;1,34;12,00;11,6;-22,1
31.12.2014;2,1;3,3;1,3;0,15;12,00;14,1;-6,1
01.01.2015;1,9;3,3;0,4;0,00;1,00;10,8;-3,9
02.01.2015;3,2;6,0;-0,9;1,00;1,00;8,0;-36,4
03.01.2015;3,9;11,2;0,8;11,97;1,00;11,4;-24,7
04.01.2015;3,6;5,4;2,1;0,00;1,00;33,6;-14,1
05.01.2015;2,7;8,2;-0,1;0,00;1,00;61,1;-35,8
06.01.2015;1,3;6,5;-1,7;0,00;1,00;53,7;-34,5
07.01.2015;2,9;5,7;0,1;0,09;1,00;34,9;-16,6
08.01.2015;7,1;10,4;1,1;1,06;1,00;14,2;-24,2
09.01.2015;9,0;12,9;5,9;2,39;1,00;19,7;-17,7
10.01.2015;13,9;16,4;8,8;4,72;1,00;43,4;-0,5
11.01.2015;5,0;9,4;1,4;6,69;1,00;30,5;-32,1
12.01.2015;6,0;8,6;4,0;0,00;1,00;42,3;-17,1
13.01.2015;9,9;16,1;3,4;0,00;1,00;64,7;-29,7
14.01.2015;7,1;12,7;3,3;5,35;1,00;29,8;-41,8
15.01.2015;7,5;10,4;3,1;0,01;1,00;20,2;-16,6
16.01.2015;7,8;10,1;5,4;3,78;1,00;17,7;-20,5
17.01.2015;4,3;6,5;2,8;6,06;1,00;15,6;-22,4
18.01.2015;2,1;5,8;-0,5;0,25;1,00;60,9;-20,0
19.01.2015;1,7;4,9;-0,7;2,11;1,00;32,2;-18,4
20.01.2015;1,5;2,7;0,3;4,11;1,00;13,6;-14,5
21.01.2015;2,1;3,9;0,4;0,00;1,00;17,0;-4,0
22.01.2015;1,6;2,8;0,7;0,00;1,00;6,6;-10,7
23.01.2015;1,6;2,6;0,6;0,61;1,00;6,0;-13,6
24.01.2015;1,7;3,3;0,6;0,84;1,00;27,2;-5,2
25.01.2015;2,2;3,8;0,7;0,31;1,00;37,3;-0,2
26.01.2015;1,8;3,2;1,0;2,86;1,00;16,0;-19,7
27.01.2015;3,5;4,9;2,5;0,19;1,00;31,1;-13,5
28.01.2015;3,6;5,0;2,3;0,23;1,00;38,0;2,7
29.01.2015;3,5;5,3;1,6;0,75;1,00;44,9;-16,7
30.01.2015;2,3;5,2;0,3;5,18;1,00;76,3;0,5
31.01.2015;2,1;4,7;0,3;0,52;1,00;58,5;-10,6
01.02.2015;1,6;4,1;0,5;0,12;2,00;34,7;-24,8
02.02.2015;1,2;3,5;-1,7;2,10;2,00;45,9;-21,8
03.02.2015;-1,0;3,3;-4,7;0,00;2,00;87,9;-21,3
04.02.2015;-2,2;0,5;-5,4;0,00;2,00;21,2;-17,4
05.02.2015;-0,6;0,5;-1,9;0,00;2,00;39,7;5,7
06.02.2015;-0,9;2,4;-3,1;0,00;2,00;60,8;-25,3
07.02.2015;-2,0;1,7;-5,4;0,00;2,00;98,8;-14,3
08.02.2015;1,4;4,7;-2,9;0,15;2,00;58,0;-4,0
09.02.2015;2,0;4,3;-0,3;0,00;2,00;25,3;1,0
10.02.2015;3,9;5,6;2,5;0,00;2,00;23,2;1,7
11.02.2015;3,6;8,7;0,1;0,00;2,00;99,9;7,3
12.02.2015;2,3;9,1;-1,9;0,08;2,00;110,4;-10,8
13.02.2015;3,0;10,6;-1,8;0,24;2,00;106,8;-7,8
14.02.2015;4,7;11,0;0,3;0,00;2,00;87,3;-2,6
15.02.2015;0,9;4,0;-1,2;0,00;2,00;87,4;4,4
16.02.2015;1,2;5,5;-0,9;0,00;2,00;72,3;3,3
17.02.2015;0,5;2,6;-0,7;0,00;2,00;14,0;-2,5
18.02.2015;1,6;3,0;0,0;0,00;2,00;31,2;6,8
19.02.2015;1,3;6,8;-1,5;0,00;2,00;75,7;-0,8
20.02.2015;5,6;14,6;-1,5;0,00;2,00;126,6;3,7
21.02.2015;6,0;8,4;2,8;0,00;2,00;52,3;-5,3
22.02.2015;4,1;8,6;1,2;0,18;2,00;67,9;-0,5
23.02.2015;3,8;7,5;0,4;0,70;2,00;34,1;-23,2
24.02.2015;5,1;7,1;2,9;2,22;2,00;65,6;6,8
25.02.2015;5,1;11,2;1,0;0,07;2,00;113,3;13,9
26.02.2015;5,3;11,5;0,3;0,12;2,00;144,2;22,1
27.02.2015;4,1;5,4;3,0;5,96;2,00;24,2;-15,5
28.02.2015;4,7;9,1;1,9;0,14;2,00;91,3;7,4
01.03.2015;7,2;11,5;1,8;1,20;3,00;56,2;4,6
02.03.2015;6,9;10,7;3,2;3,29;3,00;66,9;-14,4
03.03.2015;7,1;12,2;2,6;0,05;3,00;136,9;28,3
04.03.2015;5,3;9,1;3,1;0,06;3,00;127,7;24,9
05.03.2015;4,9;8,3;2,9;0,00;3,00;104,1;31,2
06.03.2015;5,1;11,6;0,0;0,00;3,00;135,2;23,1
07.03.2015;6,1;13,0;-0,1;0,00;3,00;131,3;14,1
08.03.2015;8,3;17,5;1,2;0,00;3,00;145,6;19,0
09.03.2015;9,5;19,0;2,6;0,00;3,00;164,6;26,4
10.03.2015;8,6;14,9;2,8;0,33;3,00;114,8;26,0
11.03.2015;7,3;10,9;1,9;0,66;3,00;152,4;35,2
12.03.2015;5,1;11,0;-0,4;0,00;3,00;132,4;18,3
13.03.2015;4,3;8,5;0,2;0,00;3,00;115,1;15,9
14.03.2015;4,0;7,2;-0,1;0,00;3,00;54,7;3,6
15.03.2015;6,4;11,0;2,1;0,00;3,00;129,3;27,8
16.03.2015;8,8;18,6;1,6;0,00;3,00;178,6;45,3
17.03.2015;11,3;20,7;3,7;0,00;3,00;169,4;45,9
18.03.2015;11,7;19,3;5,4;0,00;3,00;173,2;40,2
19.03.2015;10,7;17,7;4,7;0,00;3,00;176,4;37,3
20.03.2015;9,2;17,0;2,4;0,00;3,00;166,5;23,7
21.03.2015;7,1;14,0;2,8;0,00;3,00;112,6;25,6
22.03.2015;6,9;10,0;3,7;0,00;3,00;49,5;9,3
23.03.2015;7,8;12,7;3,4;0,00;3,00;80,6;11,6
24.03.2015;9,1;17,0;1,8;0,05;3,00;167,2;45,8
25.03.2015;10,1;17,6;4,3;0,00;3,00;172,6;66,8
26.03.2015;7,3;9,5;6,0;0,19;3,00;37,6;-1,3
27.03.2015;8,2;10,7;5,5;0,14;3,00;112,5;26,8
28.03.2015;9,0;16,2;4,2;0,00;3,00;181,1;70,2
29.03.2015;11,3;12,9;9,7;0,74;3,00;80,0;15,4
30.03.2015;9,0;11,3;6,2;8,35;3,00;91,7;5,3
31.03.2015;9,9;14,2;5,8;1,33;3,00;90,6;7,3
01.04.2015;5,5;8,3;2,1;2,08;4,00;171,9;45,9
02.04.2015;5,8;9,1;3,1;3,37;4,00;66,7;-11,7
03.04.2015;6,9;14,4;0,0;0,00;4,00;209,0;83,0
04.04.2015;5,1;8,3;3,7;6,62;4,00;46,8;-11,4
05.04.2015;5,8;9,9;2,1;0,00;4,00;166,6;47,8
06.04.2015;4,8;9,4;-0,3;0,00;4,00;110,1;22,2
07.04.2015;6,4;13,1;-0,1;0,00;4,00;239,2;77,0
08.04.2015;8,9;16,3;1,3;0,00;4,00;238,9;84,9
09.04.2015;12,3;20,8;4,4;0,00;4,00;227,7;80,1
10.04.2015;14,9;23,4;6,9;0,00;4,00;217,0;75,5
11.04.2015;14,7;18,0;11,8;0,00;4,00;113,7;42,7
12.04.2015;14,8;19,6;11,1;0,00;4,00;154,2;57,0
13.04.2015;13,9;19,6;8,4;0,00;4,00;183,1;60,1
14.04.2015;14,8;22,7;6,9;0,00;4,00;243,0;92,6
15.04.2015;18,2;28,2;9,1;0,00;4,00;252,0;88,2
16.04.2015;19,0;25,3;12,9;0,00;4,00;181,0;62,0
17.04.2015;14,6;18,5;9,4;0,35;4,00;118,2;41,1
18.04.2015;10,0;14,4;6,3;0,00;4,00;233,0;77,1
19.04.2015;11,2;18,0;4,5;0,00;4,00;270,2;93,8
20.04.2015;12,2;20,0;4,3;0,00;4,00;266,9;96,7
21.04.2015;14,5;23,0;5,7;0,00;4,00;272,0;100,7
22.04.2015;13,3;19,7;7,3;0,00;4,00;270,4;98,5
23.04.2015;10,7;17,5;3,7;0,00;4,00;276,3;102,4
24.04.2015;13,8;22,6;5,0;0,00;4,00;273,5;101,9
25.04.2015;13,6;19,7;8,7;0,18;4,00;76,4;-8,0
26.04.2015;17,0;21,9;12,8;0,00;4,00;182,9;85,6
27.04.2015;16,2;21,3;10,0;3,73;4,00;163,7;74,0
28.04.2015;9,3;13,6;6,5;3,66;4,00;121,0;40,5
29.04.2015;11,2;17,5;3,6;0,02;4,00;258,2;113,0
30.04.2015;12,9;18,4;9,2;0,00;4,00;184,9;81,2
01.05.2015;9,7;11,0;8,6;16,46;5,0;58,9;-2,8
02.05.2015;11,9;16,1;8,4;0,76;5,0;101,1;51,0
03.05.2015;15,4;19,3;11,6;9,93;5,0;82,8;26,8
04.05.2015;19,1;24,7;13,4;0,00;5,0;254,5;146,4
05.05.2015;19,7;24,8;15,3;0,17;5,0;75,2;12,0
06.05.2015;16,2;20,4;12,5;0,00;5,0;187,7;91,4
07.05.2015;14,2;19,7;9,4;0,00;5,0;262,1;107,5
08.05.2015;17,3;25,5;9,8;0,00;5,0;261,7;125,4
09.05.2015;17,5;21,5;14,6;0,00;5,0;177,8;74,2
10.05.2015;16,9;23,1;12,4;0,00;5,0;239,2;109,3
11.05.2015;19,6;28,8;10,3;0,00;5,0;257,3;108,8
12.05.2015;23,2;31,7;7,4;0,00;5,0;257,1;119,3
13.05.2015;19,6;25,1;14,2;3,95;5,0;279,2;128,0
14.05.2015;16,8;21,3;13,4;0,55;5,0;179,6;96,1
15.05.2015;13,4;19,5;9,7;12,51;5,0;111,8;36,4
16.05.2015;15,4;21,5;8,7;0,00;5,0;235,6;113,9
17.05.2015;15,6;20,5;11,9;0,00;5,0;230,3;116,5
18.05.2015;17,1;24,8;9,4;0,00;5,0;306,8;142,3
19.05.2015;14,4;17,0;12,1;0,00;5,0;129,4;47,5
20.05.2015;11,7;15,2;8,0;0,89;5,0;132,3;47,6
21.05.2015;12,9;18,1;8,5;0,00;5,0;254,2;123,6
22.05.2015;13,6;20,8;5,3;0,00;5,0;313,6;140,4
23.05.2015;15,3;20,3;8,0;0,00;5,0;218,3;98,3
24.05.2015;17,4;21,2;14,4;0,00;5,0;139,6;66,7
25.05.2015;15,8;21,6;12,9;8,33;5,0;116,1;47,3
26.05.2015;13,2;16,0;11,3;0,00;5,0;143,3;74,1
27.05.2015;12,6;16,6;9,1;0,00;5,0;174,6;84,9
28.05.2015;15,3;23,3;6,8;0,00;5,0;286,4;145,2
29.05.2015;17,0;22,9;12,7;1,74;5,0;213,7;99,5
30.05.2015;14,5;18,2;11,5;1,37;5,0;197,9;90,6
31.05.2015;16,9;24,0;9,4;0,00;5,0;229,8;109,3
01.06.2015;17,8;21,8;14,7;0,00;6,00;141,6;73,5
02.06.2015;19,7;27,4;12,3;0,00;6,00;250,2;125,6
03.06.2015;22,1;27,8;15,8;0,00;6,00;295,7;154,1
04.06.2015;22,0;29,8;14,1;0,00;6,00;323,5;156,6
05.06.2015;25,6;34,0;16,6;0,00;6,00;317,2;156,6
06.06.2015;26,8;34,1;20,5;0,00;6,00;273,9;150,0
07.06.2015;23,5;29,0;18,5;0,00;6,00;296,5;166,1
08.06.2015;16,1;21,9;13,2;20,74;6,00;54,3;-0,6
09.06.2015;14,3;15,5;13,0;0,00;6,00;32,8;7,6
10.06.2015;16,1;19,4;13,2;0,00;6,00;64,9;31,6
11.06.2015;20,7;27,0;14,7;0,00;6,00;233,9;129,2
12.06.2015;23,4;32,1;15,7;0,65;6,00;262,5;134,1
13.06.2015;21,2;26,3;17,0;0,01;6,00;245,4;127,2
14.06.2015;21,7;27,6;15,4;0,00;6,00;288,0;156,6
15.06.2015;20,7;24,7;17,7;0,00;6,00;177,7;88,6
16.06.2015;18,8;22,4;15,8;0,01;6,00;167,0;78,5
17.06.2015;17,3;23,1;12,1;0,00;6,00;295,8;141,2
18.06.2015;15,9;19,1;13,9;9,41;6,00;78,1;-2,8
19.06.2015;14,4;18,4;11,6;0,00;6,00;179,3;101,1
20.06.2015;13,3;16,1;11,9;0,00;6,00;102,6;42,2
21.06.2015;15,6;22,7;11,5;8,97;6,00;161,8;82,7
22.06.2015;15,6;18,7;12,5;5,25;6,00;101,7;7,5
23.06.2015;13,2;17,6;10,5;4,32;6,00;200,9;80,5
24.06.2015;15,9;22,6;9,4;0,19;6,00;264,2;125,9
25.06.2015;18,8;26,1;10,9;0,00;6,00;266,1;133,6
26.06.2015;21,3;29,0;13,1;0,00;6,00;290,9;148,5
27.06.2015;19,9;25,3;16,9;3,01;6,00;171,8;72,3
28.06.2015;20,5;26,3;13,9;0,00;6,00;294,7;155,8
29.06.2015;22,4;30,2;15,9;0,00;6,00;260,5;142,1
30.06.2015;24,5;31,9;16,8;0,00;6,00;314,1;162,0
01.07.2015;26,4;34,0;17,6;0,00;7,00;319,4;156,1
02.07.2015;28,8;36,5;20,1;0,00;7,00;312,1;157,7
03.07.2015;29,5;37,3;23,2;0,06;7,00;233,4;114,2
04.07.2015;30,0;38,6;21,0;0,00;7,00;290,6;145,0
05.07.2015;31,4;39,5;22,9;0,00;7,00;299,1;153,1
06.07.2015;25,8;31,2;20,2;0,00;7,00;285,5;148,1
07.07.2015;28,2;37,6;19,0;0,00;7,00;269,6;128,4
08.07.2015;21,3;24,8;18,6;0,09;7,00;233,5;106,8
09.07.2015;18,2;21,7;15,4;0,04;7,00;176,0;67,0
10.07.2015;19,2;26,7;11,4;0,00;7,00;321,5;145,5
11.07.2015;22,2;31,8;14,4;0,00;7,00;307,6;142,4
12.07.2015;23,2;28,8;18,2;0,00;7,00;243,6;111,2
13.07.2015;20,9;23,4;18,7;0,00;7,00;115,3;52,6
14.07.2015;23,5;28,1;19,4;0,00;7,00;217,9;114,3
15.07.2015;24,6;32,2;17,7;0,00;7,00;259,5;129,3
16.07.2015;26,8;34,4;18,7;0,00;7,00;303,6;148,1
17.07.2015;27,6;37,4;20,6;1,67;7,00;277,7;131,9
18.07.2015;26,0;29,5;21,4;0,22;7,00;158,8;50,4
19.07.2015;24,3;30,2;20,9;1,36;7,00;130,4;38,8
20.07.2015;25,0;30,9;20,7;0,00;7,00;174,8;94,3
21.07.2015;26,8;33,6;20,9;0,00;7,00;274,0;137,9
22.07.2015;26,8;36,3;21,0;1,96;7,00;200,7;71,8
23.07.2015;23,1;28,1;18,6;1,76;7,00;154,3;64,7
24.07.2015;25,5;32,9;17,8;0,00;7,00;279,2;144,6
25.07.2015;19,9;23,4;15,4;0,60;7,00;237,3;90,7
26.07.2015;18,1;26,1;11,3;0,01;7,00;251,9;105,2
27.07.2015;19,7;23,5;16,3;0,00;7,00;198,0;86,8
28.07.2015;19,5;22,8;15,6;0,03;7,00;142,6;53,3
29.07.2015;15,9;19,1;14,0;0,66;7,00;105,6;7,0
30.07.2015;16,8;21,5;12,2;0,00;7,00;136,3;53,0
31.07.2015;18,3;26,3;10,3;0,00;7,00;291,6;129,0
01.08.2015;19,6;25,7;14,9;0,03;8,00;123,8;47,2
02.08.2015;22,8;31,3;14,4;0,00;8,00;256,9;116,9
03.08.2015;22,3;32,4;16,4;0,00;8,00;281,2;134,9
04.08.2015;24,0;33,7;17,7;0,00;8,00;270,0;131,0
05.08.2015;26,0;35,0;19,0;0,18;8,00;260,0;128,0
06.08.2015;28,4;36,5;20,0;0,00;8,00;252,7;126,2
07.08.2015;28,3;38,0;21,9;0,00;8,00;234,9;103,3
08.08.2015;28,5;33,2;23,4;0,00;8,00;275,5;145,6
09.08.2015;25,6;32,6;21,8;7,67;8,00;210,0;108,6
10.08.2015;23,7;27,0;20,9;0,19;8,00;110,5;50,2
11.08.2015;24,6;29,3;20,4;0,00;8,00;187,5;89,9
12.08.2015;27,0;33,5;20,2;0,00;8,00;232,8;113,3
13.08.2015;23,8;29,8;20,2;0,00;8,00;234,0;105,4
14.08.2015;23,0;28,4;16,3;19,02;8,00;153,5;62,3
15.08.2015;19,9;23,1;16,9;0,36;8,00;156,2;74,8
16.08.2015;16,5;18,5;15,7;6,98;8,00;83,9;-27,2
17.08.2015;16,7;19,3;14,4;0,00;8,00;84,5;33,9
18.08.2015;16,9;22,3;10,9;0,00;8,00;202,5;87,8
19.08.2015;17,1;20,0;15,4;0,20;8,00;122,1;43,1
20.08.2015;18,2;22,2;15,3;0,83;8,00;140,3;65,4
21.08.2015;19,6;25,5;12,7;0,00;8,00;241,8;105,0
22.08.2015;20,5;27,1;13,8;0,00;8,00;247,4;104,2
23.08.2015;18,9;27,3;13,2;5,40;8,00;174,8;62,0
24.08.2015;17,0;20,2;15,1;11,20;8,00;104,3;2,6
25.08.2015;17,6;22,8;13,1;0,00;8,00;250,7;101,9
26.08.2015;17,8;26,9;13,2;0,00;8,00;248,3;103,2
27.08.2015;24,8;32,1;19,2;0,00;8,00;222,3;89,5
28.08.2015;23,8;26,8;21,3;0,00;8,00;107,9;45,8
29.08.2015;25,2;33,3;17,8;0,00;8,00;235,1;105,6
30.08.2015;26,8;33,7;19,9;0,00;8,00;216,9;92,2
31.08.2015;27,2;33,9;20,1;0,00;8,00;224,7;88,6
01.09.2015;20,9;26,0;15,8;3,39;9,00;80,7;1,8
02.09.2015;17,6;21,6;13,3;0,00;9,00;157,4;52,4
03.09.2015;17,4;20,7;14,8;1,57;9,00;120,9;29,3
04.09.2015;16,3;19,5;12,5;0,00;9,00;174,2;71,3
05.09.2015;14,0;17,2;10,1;0,00;9,00;130,5;34,3
06.09.2015;12,8;15,1;9,8;0,47;9,00;149,6;39,6
07.09.2015;12,6;15,7;8,2;0,00;9,00;105,3;46,3
08.09.2015;15,7;19,4;12,8;0,00;9,00;148,5;68,4
09.09.2015;14,1;20,4;8,8;0,00;9,00;86,2;-15,4
10.09.2015;13,9;19,1;8,5;0,00;9,00;109,4;-8,6
11.09.2015;14,6;22,3;7,7;0,00;9,00;189,7;56,7
12.09.2015;19,7;27,4;12,8;0,10;9,00;166,6;73,5
13.09.2015;19,7;23,2;17,0;0,00;9,00;86,9;15,1
14.09.2015;17,9;22,2;14,4;2,40;9,00;134,2;32,9
15.09.2015;16,2;19,4;13,1;0,00;9,00;101,5;34,8
16.09.2015;17,8;21,8;15,3;3,91;9,00;50,6;-6,7
17.09.2015;15,4;18,2;12,3;3,75;9,00;28,2;-45,4
18.09.2015;15,0;19,2;12,0;0,08;9,00;95,8;22,5
19.09.2015;14,7;18,9;10,9;0,00;9,00;95,2;27,8
20.09.2015;14,2;17,3;10,1;0,00;9,00;114,3;40,9
21.09.2015;13,8;20,9;7,5;0,00;9,00;192,5;57,1
22.09.2015;14,4;17,9;11,8;3,90;9,00;60,6;-8,8
23.09.2015;12,3;14,6;10,2;0,70;9,00;68,5;-5,1
24.09.2015;14,4;20,0;11,2;0,40;9,00;136,8;36,8
25.09.2015;14,1;18,4;10,4;0,00;9,00;118,5;38,5
26.09.2015;15,2;18,4;13,5;0,00;9,00;114,0;52,2
27.09.2015;14,7;18,2;10,7;0,00;9,00;137,5;42,1
28.09.2015;12,3;16,1;7,3;0,00;9,00;121,2;14,1
29.09.2015;12,7;17,2;8,5;0,00;9,00;133,5;14,5
30.09.2015;12,6;17,1;8,0;0,00;9,00;176,4;33,2
01.10.2015;11,7;18,4;6,5;0,00;10,00;172,2;29,8
02.10.2015;12,9;21,1;6,2;0,00;10,00;161,9;36,6
03.10.2015;15,0;22,6;9,3;0,00;10,00;142,9;32,3
04.10.2015;13,1;15,7;10,2;5,28;10,00;45,4;-40,9
05.10.2015;14,5;20,5;9,4;1,80;10,00;95,5;25,1
06.10.2015;16,9;20,4;15,0;1,66;10,00;46,0;-25,2
07.10.2015;15,7;18,0;13,7;0,70;10,00;82,2;13,0
08.10.2015;13,2;16,3;9,7;0,00;10,00;85,7;18,5
09.10.2015;13,8;16,8;11,3;0,00;10,00;94,5;31,5
10.10.2015;12,0;14,6;8,9;0,00;10,00;39,3;-1,1
11.10.2015;11,6;15,4;8,6;0,00;10,00;82,5;22,0
12.10.2015;9,1;13,8;3,9;0,03;10,00;131,8;16,5
13.10.2015;8,3;11,1;4,9;0,00;10,00;37,8;-8,1
14.10.2015;6,1;8,2;5,2;1,62;10,00;29,3;-15,2
15.10.2015;5,3;6,0;4,7;0,11;10,00;15,6;-6,9
16.10.2015;6,2;7,6;5,2;1,32;10,00;24,8;-35,4
17.10.2015;7,1;9,2;5,5;0,54;10,00;39,9;-1,0
18.10.2015;7,6;9,8;5,9;0,12;10,00;26,3;-22,7
19.10.2015;8,3;11,1;6,8;0,00;10,00;61,2;13,2
20.10.2015;8,0;9,5;5,3;0,05;10,00;22,2;-12,0
21.10.2015;9,6;12,6;6,3;0,00;10,00;80,8;24,5
22.10.2015;10,7;13,4;8,3;0,00;10,00;56,0;17,8
23.10.2015;11,9;13,8;10,2;0,00;10,00;35,9;5,6
24.10.2015;13,3;20,7;8,5;0,00;10,00;93,9;11,0
25.10.2015;12,1;15,5;8,3;0,71;10,00;37,4;-16,2
26.10.2015;9,8;15,4;5,8;0,00;10,00;107,0;-1,8
27.10.2015;8,0;12,6;5,3;0,00;10,00;61,1;-10,1
28.10.2015;8,5;14,1;4,8;0,00;10,00;61,5;3,5
29.10.2015;12,0;14,5;10,3;0,18;10,00;36,1;-0,4
30.10.2015;11,2;12,4;10,0;0,00;10,00;30,3;8,7
31.10.2015;10,1;12,6;6,9;0,00;10,00;38,3;-10,9
01.11.2015;6,9;11,6;3,5;0,01;11,00;42,6;-14,9
02.11.2015;5,0;9,2;1,9;0,21;11,00;78,8;4,6
03.11.2015;4,3;8,4;1,5;0,07;11,00;61,6;15,4
04.11.2015;10,6;21,4;4,1;0,00;11,00;88,0;-2,9
05.11.2015;12,9;19,1;9,0;0,00;11,00;87,3;-0,3
06.11.2015;15,0;20,1;10,7;0,00;11,00;46,2;4,9
07.11.2015;17,3;21,3;15,1;0,00;11,00;45,5;1,9
08.11.2015;16,8;22,2;12,7;0,00;11,00;79,7;-8,3
09.11.2015;16,5;18,9;13,1;0,03;11,00;29,7;-30,6
10.11.2015;15,2;21,0;11,7;0,00;11,00;78,1;-6,1
11.11.2015;11,8;15,1;7,0;0,00;11,00;82,5;-15,7
12.11.2015;10,7;16,2;7,0;0,00;11,00;48,6;-11,8
13.11.2015;10,7;14,8;6,0;1,89;11,00;40,1;-14,0
14.11.2015;9,8;11,9;6,9;0,01;11,00;66,5;-18,7
15.11.2015;13,4;17,4;9,6;0,02;11,00;59,5;-20,3
16.11.2015;11,2;18,5;7,9;0,00;11,00;75,4;-23,9
17.11.2015;13,4;16,1;8,4;0,26;11,00;25,2;-8,5
18.11.2015;14,9;16,5;12,4;0,00;11,00;74,1;-23,3
19.11.2015;14,6;16,2;12,2;0,00;11,00;47,6;-6,8
20.11.2015;9,4;15,7;5,0;51,10;11,00;5,0;-27,6
21.11.2015;4,2;7,0;2,1;1,39;11,00;31,8;-50,1
22.11.2015;2,5;4,0;1,4;0,88;11,00;31,5;-25,5
23.11.2015;2,2;3,7;0,9;0,33;11,00;15,7;-36,6
24.11.2015;1,4;3,9;-1,8;0,13;11,00;63,9;-15,0
25.11.2015;4,0;6,3;1,9;0,14;11,00;22,2;-30,3
26.11.2015;4,7;5,6;3,6;0,64;11,00;15,0;-32,0
27.11.2015;2,5;4,6;-0,5;0,07;11,00;50,4;-29,0
28.11.2015;2,5;4,8;-0,7;0,58;11,00;11,3;-45,7
29.11.2015;7,0;10,1;3,8;0,03;11,00;23,8;-15,6
30.11.2015;10,5;11,3;9,6;0,00;11,00;14,3;-17,0
01.12.2015;10,0;10,8;9,4;6,92;12,00;11,8;-48,5
02.12.2015;9,8;11,2;6,8;0,00;12,00;25,2;-1,1
03.12.2015;6,1;7,5;2,7;0,05;12,00;44,3;-25,4
04.12.2015;7,10;10,8;0,8;0,06;12,00;15,4;-20,2
05.12.2015;7,90;12,0;4,3;0,01;12,00;57,0;-26,1
06.12.2015;9,60;14,3;5,8;0,00;12,00;64,5;-19,6
07.12.2015;11,00;16,4;5,7;0,00;12,00;56,4;-25,3
08.12.2015;6,20;10,6;3,1;0,04;12,00;53,9;-33,9
09.12.2015;6,90;9,4;2,3;3,65;12,00;21,9;-33,3
10.12.2015;2,90;7,6;0,6;0,18;12,00;59,1;-45,2
11.12.2015;5,30;9,8;0,6;0,07;12,00;40,7;-20,3
12.12.2015;8,90;11,8;5,1;0,00;12,00;39,2;-18,0
13.12.2015;6,60;10,8;4,1;0,01;12,00;38,2;-19,8
14.12.2015;5,90;10,5;1,9;0,08;12,00;53,0;-28,2
15.12.2015;7,90;10,4;5,2;0,00;12,00;19,1;-24,0
16.12.2015;9,30;11,4;6,3;4,90;12,00;13,7;-23,1
17.12.2015;12,80;15,6;11,0;0,00;12,00;32,8;-20,0
18.12.2015;11,80;16,2;7,9;0,01;12,00;47,6;-17,3
19.12.2015;9,80;14,5;7,0;0,00;12,00;45,7;-24,4
20.12.2015;9,00;15,0;5,6;0,00;12,00;51,7;-27,3
21.12.2015;10,30;12,7;8,6;0,46;12,00;23,1;-49,0
22.12.2015;11,70;15,3;10,1;0,00;12,00;51,4;-16,3
23.12.2015;10,90;13,7;8,0;0,00;12,00;32,5;-17,3
24.12.2015;11,50;15,7;8,9;0,00;12,00;43,4;-14,1
25.12.2015;12,60;15,5;10,3;0,00;12,00;45,4;-21,8
26.12.2015;10,40;15,6;7,3;0,00;12,00;53,8;-37,6
27.12.2015;7,60;13,6;4,2;0,00;12,00;53,8;-39,0
28.12.2015;5,70;12,7;2,3;0,13;12,00;54,2;-42,6
29.12.2015;4,40;8,9;0,8;0,13;12,00;52,3;-33,0
30.12.2015;4,00;6,8;1,4;0,08;12,00;34,0;-15,0
31.12.2015;4,70;7,2;1,6;1,26;12,00;9,4;-27,0
01.01.2016;5,3;6,1;4,1;0,63;1,00;20,3;-11,8
02.01.2016;5,5;6,9;4,7;3,93;1,00;14,0;-12,1
03.01.2016;6,1;8,2;3,7;0,84;1,00;32,9;-15,1
04.01.2016;5,4;8,0;2,7;7,75;1,00;38,8;-16,7
05.01.2016;5,8;8,1;3,4;1,97;1,00;38,8;-21,2
06.01.2016;5,6;6,8;4,5;0,00;1,00;24,5;-9,1
07.01.2016;5,4;7,6;3,3;2,84;1,00;25,0;-37,2
08.01.2016;6,1;8,7;3,0;0,04;1,00;46,0;-19,2
09.01.2016;6,8;9,3;5,3;0,00;1,00;15,7;-13,1
10.01.2016;7,0;8,9;5,1;0,35;1,00;18,2;-35,8
11.01.2016;6,0;7,6;3,3;5,59;1,00;20,4;-35,3
12.01.2016;5,6;7,4;4,1;0,74;1,00;24,6;-46,9
13.01.2016;4,3;6,0;2,9;0,68;1,00;34,9;-38,1
14.01.2016;3,1;6,1;0,8;0,23;1,00;62,0;-24,2
15.01.2016;1,4;3,1;0,6;2,11;1,00;11,7;-49,6
16.01.2016;1,7;2,9;0,9;0,37;1,00;33,5;-5,1
17.01.2016;-0,4;0,9;-1,4;1,76;1,00;36,9;-16,7
18.01.2016;-3,4;-1,1;-6,4;0,00;1,00;74,6;-32,7
19.01.2016;-3,5;-0,4;-6,8;0,00;1,00;36,2;-8,7
20.01.2016;-2,0;3,8;-6,9;0,00;1,00;78,7;-10,7
21.01.2016;0,4;3,2;-2,6;0,00;1,00;52,4;-16,6
22.01.2016;-1,4;2,3;-5,3;0,00;1,00;73,5;-20,3
23.01.2016;4,8;8,0;1,7;2,04;1,00;21,9;-7,7
24.01.2016;3,6;7,8;-0,4;0,00;1,00;34,8;1,3
25.01.2016;8,6;15,3;4,2;0,00;1,00;76,2;-6,5
26.01.2016;9,6;16,4;4,3;0,00;1,00;73,2;-12,0
27.01.2016;12,3;14,2;7,7;0,00;1,00;32,3;-2,2
28.01.2016;10,1;13,3;7,0;1,57;1,00;11,2;-32,8
29.01.2015;7,3;10,5;4,8;0,58;1,00;85,0;-11,3
30.01.2016;7,0;10,3;4,0;6,34;1,00;43,2;-19,8
31.01.2016;6,3;11,8;4,0;2,98;1,00;14,3;-20,5
01.02.2016;12,8;14,2;10,8;0,00;2,00;26,6;1,9
02.02.2016;11,2;12,7;7,9;0,61;2,00;35,5;2,2
03.02.2016;5,3;7,7;2,8;2,44;2,00;40,0;-26,9
04.02.2016;4,3;6,9;2,5;2,44;2,00;27,7;-20,6
05.02.2016;7,3;11,3;5,3;1,78;2,00;68,2;-0,6
06.02.2016;8,9;15,0;4,6;0,02;2,00;71,0;-12,3
07.02.2016;7,1;10,2;5,0;0,00;2,00;28,4;-12,5
08.02.2016;8,8;13,7;6,0;4,83;2,00;56,7;-17,8
09.02.2016;8,5;12,3;3,9;10,66;2,00;24,4;-39,9
10.02.2016;3,9;4,8;2,5;2,02;2,00;59,8;5,0
11.02.2016;4,6;6,7;3,2;0,04;2,00;48,7;3,2
12.02.2016;4,9;7,4;2,5;0,06;2,00;92,1;14,2
13.02.2016;6,0;8,5;4,3;1,87;2,00;36,7;-15,1
14.02.2016;6,6;8,2;4,8;2,74;2,00;27,6;-21,9
15.02.2016;4,3;5,4;2,9;0,77;2,00;18,8;-7,5
16.02.2016;2,7;3,5;1,4;0,05;2,00;16,1;-5,7
17.02.2016;2,3;3,3;1,0;0,06;2,00;16,3;-4,0
18.02.2016;5,3;8,9;2,2;0,02;2,00;92,9;18,4
19.02.2016;3,1;4,7;1,8;0,57;2,00;24,8;-20,5
20.02.2016;4,7;9,7;1,8;2,00;2,00;20,7;-27,8
21.02.2016;11,5;13,5;8,5;0,00;2,00;62,1;14,5
22.02.2016;12,0;15,0;8,1;0,00;2,00;112,3;14,0
23.02.2016;5,4;10,9;1,6;6,32;2,00;22,1;-23,4
24.02.2016;4,4;7,3;2,3;0,07;2,00;76,6;13,0
25.02.2016;3,0;5,7;1,7;1,79;2,00;56,0;-0,1
26.02.2016;2,5;5,7;-1,1;0,20;2,00;108,7;1,2
27.02.2016;3,2;9,3;-2,2;0,18;2,00;135,4;10,7
28.02.2016;3,6;5,8;1,6;0,11;2,00;57,6;3,6
29.02.2016;3,1;4,3;0,3;0,83;2,00;8,5;-13,2
01.03.2016;3,3;7,4;0,4;0,19;3,00;102,3;27,9
02.03.2016;5,1;9,2;2,9;3,12;3,00;41,5;-7,5
03.03.2016;3,8;5,8;2,0;0,18;3,00;76,9;11,8
04.03.2016;4,6;8,0;1,3;0,79;3,00;76,8;3,9
05.03.2016;5,7;6,9;4,0;0,00;3,00;31,2;-10,8
06.03.2016;4,1;6,2;2,0;1,18;3,00;91,0;30,2
07.03.2016;3,9;6,6;1,6;0,74;3,00;92,9;8,3
08.03.2016;2,7;5,8;0,8;0,13;3,00;81,0;21,1
09.03.2016;2,3;5,9;-0,5;0,14;3,00;131,2;22,6
10.03.2016;4,6;9,9;-1,3;0,13;3,00;167,2;39,3
11.03.2016;4,6;8,8;0,0;0,11;3,00;74,2;13,4
12.03.2016;6,1;9,2;3,5;0,00;3,00;110,2;42,4
13.03.2016;6,3;9,4;4,3;0,00;3,00;72,8;25,2
14.03.2016;5,8;9,8;2,2;0,04;3,00;157,7;37,8
15.03.2016;2,8;6,0;0,0;1,87;3,00;47,7;-7,8
16.03.2016;5,0;9,3;2,4;0,05;3,00;106,1;22,7
17.03.2016;6,2;13,2;0,1;0,13;3,00;184,9;44,4
18.03.2016;7,5;14,4;0,8;0,09;3,00;188,0;47,0
19.03.2016;4,0;5,5;1,3;0,06;3,00;38,3;-2,3
20.03.2016;6,1;9,4;4,3;0,00;3,00;163,0;72,4
21.03.2016;7,0;9,6;4,3;0,00;3,00;90,8;36,4
22.03.2016;8,0;10,9;5,8;0,00;3,00;119,0;44,2
23.03.2016;6,9;8,4;5,6;0,46;3,00;56,4;3,9
24.03.2016;7,3;10,0;4,8;0,00;3,00;74,2;22,0
25.03.2016;7,0;7,7;6,2;3,61;3,00;59,7;-12,0
26.03.2016;10,3;16,2;4,0;0,27;3,00;203,4;71,8
27.03.2016;9,5;11,8;7,0;0,00;3,00;62,4;-2,4
28.03.2016;9,5;16,2;4,2;3,87;3,00;143,1;42,1
29.03.2016;10,4;14,8;6,7;0,48;3,00;171,9;52,3
30.03.2016;10,9;13,4;9,1;2,40;3,00;58,5;0,1
31.03.2016;14,1;20,9;8,8;0,10;3,00;177,3;69,1
01.04.2016;7,9;12,6;5,7;0,00;4,00;52,6;18,9
02.04.2016;11,2;17,1;5,9;0,00;4,00;129,3;52,0
03.04.2016;15,1;20,5;9,5;0,00;4,00;175,1;82,6
04.04.2016;15,1;17,4;13,1;0,00;4,00;105,3;38,6
05.04.2016;13,1;17,7;9,9;3,43;4,00;99,8;17,6
06.04.2016;12,7;16,4;9,7;0,48;4,00;172,2;69,0
07.04.2016;9,6;11,2;6,9;0,36;4,00;76,2;2,9
08.04.2016;9,1;12,7;5,4;0,00;4,00;175,9;71,7
09.04.2016;8,8;11,7;6,0;0,03;4,00;84,1;21,8
10.04.2016;12,0;15,4;8,7;0,00;4,00;181,7;76,0
11.04.2016;12,6;19,0;5,3;0,00;4,00;236,7;89,0
12.04.2016;13,4;18,4;10,2;4,24;4,00;151,2;60,4
13.04.2016;11,5;14,3;8,7;1,33;4,00;99,1;18,5
14.04.2016;11,6;16,9;6,8;0,00;4,00;164,6;64,3
15.04.2016;12,1;16,0;9,2;2,55;4,00;124,7;46,1
16.04.2016;11,8;13,6;9,4;10,09;4,00;69,8;6,5
17.04.2016;8,8;11,0;6,9;10,19;4,00;75,3;12,1
18.04.2016;9,2;12,1;6,5;0,01;4,00;111,7;47,1
19.04.2016;10,4;14,3;4,3;0,02;4,00;247,9;111,6
20.04.2016;11,0;17,3;3,8;0,02;4,00;270,0;106,6
21.04.2016;13,6;22,0;4,3;0,02;4,00;268,4;101,7
22.04.2016;14,4;18,6;8,0;0,00;4,00;162,7;64,4
23.04.2016;9,3;13,9;4,7;2,39;4,00;43,9;-15,5
24.04.2016;4,8;7,7;2,9;1,26;4,00;163,3;61,6
25.04.2016;4,6;7,2;1,8;0,14;4,00;157,4;65,2
26.04.2016;5,0;7,3;1,6;4,25;4,00;99,1;26,2
27.04.2016;5,5;8,9;3,0;0,12;4,00;182,1;68,0
28.04.2016;5,8;10,5;2,3;2,95;4,00;146,7;50,9
29.04.2016;9,2;15,9;1,6;0,14;4,00;231,1;91,4
30.04.2016;10,9;17,6;3,9;0,48;4,0;212,9;88,6
01.05.2016;11,8;16,4;7,00;0,30;5,0;107,1;40,5
02.05.2016;13,7;19,0;7,60;0,00;5,0;267,7;120,6
03.05.2016;11,0;15,7;8,30;2,68;5,0;147,9;42,1
04.05.2016;11,2;15,8;5,10;0,00;5,0;279,2;123,2
05.05.2016;12,5;19,2;4,60;0,01;5,0;302,8;133,9
06.05.2016;16,6;25,1;7,90;0,00;5,0;293,0;128,5
07.05.2016;18,4;25,4;9,90;0,00;5,0;285,2;124,2
08.05.2016;18,8;25,4;11,00;0,00;5,0;301,4;131,6
09.05.2016;20,1;25,5;12,40;0,00;5,0;261,6;109,8
10.05.2016;16,7;19,9;14,20;1,54;5,0;99,6;1,4
11.05.2016;18,0;23,5;12,30;0,00;5,0;216,7;117,3
12.05.2016;15,0;17,4;13,80;0,78;5,0;45,6;-5,1
13.05.2016;14,2;16,4;13,20;2,99;5,0;55,1;0,3
14.05.2016;12,3;13,4;10,00;0,35;5,0;129,1;63,3
15.05.2016;9,2;10,9;6,50;0,00;5,0;166,7;70,0
16.05.2016;8,4;10,0;6,50;2,81;5,0;84,3;15,5
17.05.2016;11,2;15,6;7,50;0,00;5,0;167,9;80,4
18.05.2016;15,2;20,8;8,70;0,00;5,0;201,9;106,1
19.05.2016;13,3;16,3;10,90;1,07;5,0;148,0;66,3
20.05.2016;14,9;20,2;8,50;0,02;5,0;251,4;116,5
21.05.2016;18,3;27,1;9,80;0,00;5,0;299,6;150,0
22.05.2016;20,2;27,7;13,60;0,00;5,0;262,5;131,5
23.05.2016;12,8;15,7;11,50;4,75;5,0;65,5;-5,3
24.05.2016;11,2;12,3;10,60;2,00;5,0;49,3;3,9
25.05.2016;14,2;19,4;10,80;0,00;5,0;193,6;112,8
26.05.2016;18,4;24,6;10,10;0,00;5,0;302,1;154,5
27.05.2016;19,8;25,7;15,70;5,11;5,0;194,6;97,4
28.05.2016;19,4;23,6;15,50;1,27;5,0;166,7;76,1
29.05.2016;18,0;21,9;15,40;21,04;5,0;102,2;41,6
30.05.2016;16,9;19,9;14,60;5,34;5,0;182,2;89,0
31.05.2016;17,8;22,2;11,70;0,00;5,00;234,8;106,3
01.06.2016;17,4;19,9;13,9;0,7;6,00;166,6;66,0
02.06.2016;17,3;20,4;14,4;3,8;6,00;174,5;105,6
03.06.2016;18,0;21,7;15,4;0,0;6,00;161,8;86,8
04.06.2016;17,9;21,6;15,5;0,2;6,00;133,2;63,2
05.06.2016;17,8;22,4;14,7;3,9;6,00;120,7;46,1
06.06.2016;20,5;28,1;14,0;0,0;6,00;272,6;164,1
07.06.2016;21,9;27,6;14,9;0,0;6,00;257,7;130,7
08.06.2016;17,7;21,1;15,4;7,2;6,00;103,1;27,2
09.06.2016;17,4;21,7;14,1;3,8;6,00;231,5;130,4
10.06.2016;18,4;23,2;11,4;0,0;6,00;299,2;153,3
11.06.2016;17,3;20,6;15,2;0,2;6,00;104,5;31,9
12.06.2016;16,4;19,7;14,9;3,9;6,00;131,2;42,3
13.06.2016;16,9;20,1;14,6;0,0;6,00;171,9;85,6
14.06.2016;15,9;19,6;13,8;0,0;6,00;146,6;42,8
15.06.2016;15,7;19,9;12,5;7,2;6,00;179,7;67,4
16.06.2016;14,6;18,0;11,6;2,2;6,00;79,4;9,5
17.06.2016;15,7;18,8;13,2;2,3;6,00;182,7;83,2
18.06.2016;16,6;21,2;13,4;3,6;6,00;220,5;101,6
19.06.2016;16,0;19,1;13,2;0,0;6,00;241,9;138,8
20.06.2016;17,8;23,7;10,5;0,4;6,00;276,8;130,8
21.06.2016;19,2;24,3;14,1;0,7;6,00;145,8;78,9
22.06.2016;23,8;29,9;18,2;0,0;6,00;285,0;174,7
23.06.2016;27,3;34,9;17,6;0,0;6,00;326,6;166,2
24.06.2016;28,0;34,5;20,5;0,9;6,00;303,5;158,0
25.06.2016;20,5;26,4;17,6;8,2;6,00;164,8;75,5
26.06.2016;18,4;21,8;13,8;0,0;6,00;204,6;91,8
27.06.2016;18,6;22,5;13,0;0,0;6,00;236,7;114,7
28.06.2016;20,4;24,5;16,5;0,0;6,00;212,8;110,5
29.06.2016;21,5;25,7;18,0;0,0;6,00;230,0;116,5
30.06.2016;20,6;25,3;16,8;0,8;6,00;194,8;100,6
01.07.2016;22,8;27,9;18,5;0,0;7,00;256,4;140,7
02.07.2016;18,3;20,9;14,6;4,5;7,00;104,0;21,5
03.07.2016;16,9;20,4;12,6;0,0;7,00;120,2;46,2
04.07.2016;20,9;26,0;15,8;0,0;7,00;291,9;182,1
05.07.2016;20,9;24,4;15,9;0,0;7,00;268,7;134,9
06.07.2016;19,1;22,3;15,5;0,0;7,00;288,9;141,8
07.07.2016;20,2;26,2;12,9;0,0;7,00;301,4;137,1
08.07.2016;23,1;28,5;14,6;0,0;7,00;298,4;156,8
09.07.2016;24,0;27,1;20,4;0,0;7,00;297,1;160,7
10.07.2016;25,8;33,6;17,5;0,0;7,00;310,8;156,0
11.07.2016;25,0;30,2;21,8;8,1;7,00;210,0;98,2
12.07.2016;20,2;21,8;16,6;2,4;7,00;72,3;19,3
13.07.2016;16,5;18,9;14,3;4,4;7,00;152,5;47,4
14.07.2016;15,4;19,0;13,0;0,0;7,00;213,1;121,6
15.07.2016;15,8;19,2;11,8;0,0;7,00;186,6;80,0
16.07.2016;18,3;24,2;10,8;0,0;7,00;270,8;133,5
17.07.2016;22,4;27,3;17,0;0,0;7,00;263,2;138,1
18.07.2016;23,6;29,1;17,7;0,0;7,00;235,9;127,1
19.07.2016;25,1;31,5;17,1;0,0;7,00;305,7;150,3
20.07.2016;27,6;34,7;18,8;0,0;7,00;300,2;148,4
21.07.2016;22,5;25,6;19,2;12,0;7,00;197,5;97,0
22.07.2016;22,4;28,7;17,3;5,5;7,00;214,9;108,7
23.07.2016;21,4;26,1;18,2;0,4;7,00;155,4;82,6
24.07.2016;22,8;26,9;18,8;0,0;7,00;168,7;92,8
25.07.2016;24,1;27,9;19,6;0,0;7,00;240,4;129,0
26.07.2016;24,2;29,3;19,2;0,0;7,00;222,5;115,6
27.07.2016;22,7;26,6;19,1;0,0;7,00;239,5;115,5
28.07.2016;21,5;25,6;17,9;2,8;7,00;177,6;78,3
29.07.2016;22,4;26,4;17,8;0,1;7,00;208,0;102,0
30.07.2016;23,9;29,9;17,6;0,0;7,00;256,6;130,9
31.07.2016;21,2;23,8;18,4;0,9;7,00;139,1;49,7
01.08.2016;19,9;24,6;14,0;0,0;8,00;239,0;109,9
02.08.2016;19,2;22,7;16,4;0,0;8,00;62,5;18,1
03.08.2016;22,0;28,5;17,7;0,0;8,00;183,5;98,2
04.08.2016;21,1;29,0;15,8;12,5;8,00;178,0;71,6
05.08.2016;17,0;21,3;14,2;2,6;8,00;130,4;47,5
06.08.2016;18,4;24,3;13,2;0,0;8,00;186,0;80,7
07.08.2016;20,8;28,6;13,5;0,0;8,00;279,4;129,5
08.08.2016;22,0;29,1;15,5;0,0;8,00;238,5;111,3
09.08.2016;18,1;22,7;15,2;1,8;8,00;142,0;47,1
10.08.2016;15,6;19,8;13,3;0,0;8,00;211,4;109,0
11.08.2016;15,3;21,3;9,3;0,1;8,00;216,4;91,7
12.08.2016;16,9;23,0;13,5;1,4;8,00;77,8;-9,1
13.08.2016;21,5;29,3;14,0;0,0;8,00;251,9;121,4
14.08.2016;22,4;29,4;15,6;0,0;8,00;243,9;111,8
15.08.2016;22,8;30,1;15,7;0,0;8,00;256,9;117,6
16.08.2016;22,5;29,2;16,2;0,0;8,00;257,7;110,8
17.08.2016;20,9;28,3;15,6;0,0;8,00;202,1;80,5
18.08.2016;20,0;26,8;14,6;7,5;8,00;160,6;63,8
19.08.2016;21,3;27,0;15,6;2,3;8,00;176,1;58,9
20.08.2016;19,4;25,2;15,3;4,4;8,00;94,3;15,1
21.08.2016;17,8;23,5;14,1;0,0;8,00;227,1;107,3
22.08.2016;18,2;24,8;13,3;0,0;8,00;186,6;86,4
23.08.2016;21,8;30,2;14,0;0,0;8,00;254,9;113,4
24.08.2016;23,7;31,9;15,5;0,0;8,00;252,7;103,3
25.08.2016;24,5;34,0;15,7;0,0;8,00;251,9;99,1
26.08.2016;26,4;35,2;19,1;0,0;8,00;241,8;101,7
27.08.2016;27,3;36,5;18,9;0,0;8,00;238,8;95,4
28.08.2016;26,6;35,1;20,9;10,2;8,00;198,8;78,5
29.08.2016;22,8;27,4;19,5;0,0;8,00;165,0;67,7
30.08.2016;21,2;26,8;16,8;0,0;8,00;222,1;85,2
31.08.2016;21,9;29,6;15,4;0,0;8,00;228,9;91,0
01.09.2016;22,3;28,3;17,5;0,00;9,00;207,9;79,5
02.09.2016;21,3;29,1;15,3;0,00;9,00;201,0;72,9
03.09.2016;21,7;28,1;15,9;0,00;9,00;159,1;60,5
04.09.2016;19,8;25,3;16,8;5,07;9,00;78,0;-12,7
05.09.2016;17,9;21,2;15,4;1,52;9,00;102,9;35,9
06.09.2016;18,9;26,0;12,8;0,00;9,00;201,2;73,8
07.09.2016;18,9;26,0;13,4;0,00;9,00;204,7;68,3
08.09.2016;22,5;31,8;14,7;0,00;9,00;213,1;77,4
09.09.2016;22,3;28,9;16,8;0,00;9,00;202,8;69,9
10.09.2016;22,6;31,1;15,7;0,00;9,00;192,5;64,9
11.09.2016;23,0;30,5;16,8;0,00;9,00;193,2;66,6
12.09.2016;23,8;32,1;17,1;0,00;9,00;197,3;69,2
13.09.2016;24,9;33,7;18,2;0,00;9,00;197,7;64,0
14.09.2016;23,7;31,9;16,8;0,00;9,00;195,7;56,4
15.09.2016;21,0;28,6;16,9;0,00;9,00;143,2;42,0
16.09.2016;18,0;23,0;15,1;0,00;9,00;123,5;38,9
17.09.2016;17,3;20,0;14,4;2,45;9,00;136,5;50,2
18.09.2016;15,3;16,6;14,4;16,42;9,00;21,8;-17,1
19.09.2016;15,4;17,6;13,9;0,03;9,00;56,0;16,3
20.09.2016;15,2;18,5;13,4;0,00;9,00;69,8;21,4
21.09.2016;13,8;20,1;9,4;0,00;9,00;134,2;33,5
22.09.2016;14,2;22,1;7,9;0,00;9,00;181,3;49,0
23.09.2016;15,2;22,1;10,0;0,00;9,00;153,6;38,2
24.09.2016;15,8;24,4;9,2;0,00;9,00;180,2;44,1
25.09.2016;17,6;26,5;10,7;0,00;9,00;175,9;47,6
26.09.2016;16,1;19,0;14,8;1,56;9,00;53,1;13,5
27.09.2016;16,1;21,7;13,3;7,99;9,00;111,1;29,4
28.09.2016;16,9;24,2;11,8;0,00;9,00;153,3;46,8
29.09.2016;19,2;26,7;13,9;0,00;9,00;169,4;43,0
30.09.2016;19,1;24,6;16,0;0,00;9,00;99,2;21,3
01.10.2016;16,8;20,9;14,2;0,05;10,00;42,2;-16,7
02.10.2016;14,6;18,6;11,9;0,15;10,00;95,1;6,6
03.10.2016;12,4;15,8;10,5;1,47;10,00;84,3;-0,7
04.10.2016;11,1;14,2;8,7;0,00;10,00;60,2;14,6
05.10.2016;9,8;13,4;6,8;0,00;10,00;137,1;19,5
06.10.2016;8,6;11,0;5,6;0,00;10,00;28,2;1,8
07.10.2016;11,1;13,8;9,6;0,02;10,00;54,1;16,9
08.10.2016;10,0;12,4;8,6;0,96;10,00;44,6;-1,6
09.10.2016;9,1;13,4;7,1;0,00;10,00;81,6;-3,5
10.10.2016;8,7;12,8;5,9;0,00;10,00;92,3;25,2
11.10.2016;8,8;12,8;6,1;0,00;10,00;85,2;17,4
12.10.2016;9,1;13,7;5,8;0,00;10,00;122,7;20,9
13.10.2016;7,6;12,4;4,0;0,06;10,00;105,7;2,9
14.10.2016;9,4;15,3;5,6;0,00;10,00;60,7;0,7
15.10.2016;13,0;20,1;9,4;0,00;10,00;71,6;5,6
16.10.2016;12,9;21,5;6,8;0,00;10,00;133,6;12,9
17.10.2016;13,4;18,8;10,3;4,40;10,00;69,7;10,6
18.10.2016;12,9;15,8;11,3;4,87;10,00;43,3;-2,4
19.10.2016;10,6;13,5;8,7;1,16;10,00;77,5;-10,1
20.10.2016;9,5;12,1;8,1;2,44;10,00;64,1;7,8
21.10.2016;8,0;11,1;6,3;5,37;10,00;56,4;8,0
22.10.2016;8,7;11,7;6,1;0,00;10,00;45,9;-1,4
23.10.2016;7,9;13,1;3,3;0,54;10,00;60,9;5,0
24.10.2016;13,8;18,4;10,2;7,33;10,00;42,9;-4,8
25.10.2016;14,0;15,5;12,5;7,99;10,00;40,6;3,5
26.10.2016;12,4;14,8;9,2;0,00;10,00;40,2;6,1
27.10.2016;10,2;15,7;7,1;0,00;10,00;103,3;4,6
28.10.2016;9,3;15,1;5,3;0,00;10,00;94,7;0,6
29.10.2016;10,3;15,7;7,3;0,00;10,00;57,3;0,4
30.10.2016;8,6;15,2;5,0;0,00;10,00;87,3;-1,0
31.10.2016;8,7;15,4;4,4;0,00;10,00;102,4;-7,4
01.11.2016;9,0;15,8;4,4;0,00;11,00;93,5;-4,9
02.11.2016;8,5;10,9;5,2;1,63;11,00;39,9;-20,7
03.11.2016;6,3;10,6;2,5;0,07;11,00;64,9;-12,9
04.11.2016;6,2;12,1;1,3;0,16;11,00;69,8;-1,3
05.11.2016;9,5;13,9;7,6;3,56;11,00;23,3;-14,5
06.11.2016;5,7;8,2;1,5;0,55;11,00;30,9;-25,4
07.11.2016;3,5;8,6;0,8;0,32;11,00;70,6;-15,9
08.11.2016;2,3;5,1;-0,2;0,47;11,00;35,7;-21,6
09.11.2016;4,1;7,3;2,1;1,84;11,00;42,2;-2,8
10.11.2016;6,5;9,1;5,0;3,22;11,00;42,4;-28,8
11.11.2016;5,0;6,8;3,9;11,72;11,00;17,4;-18,5
12.11.2016;3,3;5,3;2,0;0,08;11,00;36,7;-4,1
13.11.2016;2,6;6,5;0,9;0,13;11,00;48,7;-16,2
14.11.2016;0,6;2,3;-0,7;0,22;11,00;51,9;-9,0
15.11.2016;4,2;7,4;0,8;0,87;11,00;26,3;2,3
16.11.2016;9,9;11,8;7,3;2,97;11,00;14,7;-16,2
17.11.2016;11,3;14,3;9,4;0,00;11,00;51,3;-7,5
18.11.2016;10,6;15,6;8,0;3,34;11,00;31,7;-35,9
19.11.2016;6,9;8,4;4,3;1,17;11,00;20,9;-26,6
20.11.2016;9,0;17,1;4,1;0,01;11,00;75,6;-13,8
21.11.2016;9,2;12,8;5,0;0,00;11,00;24,7;-11,2
22.11.2016;10,8;13,0;8,8;0,00;11,00;21,8;-13,5
23.11.2016;8,9;11,5;7,2;0,00;11,00;20,1;-18,0
24.11.2016;7,3;10,0;4,5;0,00;11,00;33,4;-11,2
25.11.2016;8,7;9,9;7,7;0,00;11,00;11,9;-3,2
26.11.2016;8,3;9,8;7,3;0,00;11,00;7,8;-9,2
27.11.2016;7,0;9,7;4,3;0,00;11,00;35,5;-9,9
28.11.2016;2,0;4,4;-0,4;0,00;11,00;68,5;-42,4
29.11.2016;0,4;4,9;-2,3;0,00;11,00;66,6;-45,3
30.11.2016;0,5;6,4;-3,2;0,00;11,00;61,3;-33,0
01.12.2016;3,3;8,4;-0,6;0,00;12,00;51,0;-15,9
02.12.2016;5,7;7,8;3,9;0,08;12,00;15,0;-7,0
03.12.2016;3,1;6,6;-0,8;0,00;12,00;64,4;-37,6
04.12.2016;-0,4;2,4;-3,5;0,00;12,00;27,6;-18,8
05.12.2016;1,0;5,9;-1,9;0,00;12,00;61,9;-36,2
06.12.2016;-0,7;3,9;-2,8;0,00;12,00;50,3;-19,7
07.12.2016;0,1;4,4;-2,8;0,00;12,00;59,4;-15,2
08.12.2016;2,8;9,0;-1,5;0,00;12,00;56,2;-28,5
09.12.2016;5,3;10,1;0,4;0,00;12,00;35,9;-7,6
10.12.2016;4,9;11,7;1,6;0,00;12,00;55,3;-36,9
11.12.2016;5,9;9,3;1,0;0,38;12,00;20,8;-20,5
12.12.2016;6,6;9,9;2,8;0,15;12,00;27,1;-17,5
13.12.2016;3,9;7,7;0,4;0,02;12,00;38,8;-17,9
14.12.2016;6,5;10,8;2,6;0,00;12,00;27,8;-17,6
15.12.2016;4,2;9,4;1,9;0,10;12,00;47,1;-31,7
16.12.2016;3,6;6,5;0,7;0,00;12,00;31,3;-11,5
17.12.2016;1,5;4,7;-1,5;0,10;12,00;27,1;-17,5
18.12.2016;3,0;4,3;1,8;0,17;12,00;9,3;-12,1
19.12.2016;3,4;4,5;1,8;0,00;12,00;11,1;-14,7
20.12.2016;1,3;4,5;-0,8;0,03;12,00;38,5;-35,2
21.12.2016;-0,4;3,0;-2,1;0,04;12,00;48,1;-23,6
22.12.2016;1,5;7,1;-2,1;1,97;12,00;52,3;-22,5
23.12.2016;5,5;8,6;3,4;0,28;12,00;28,6;1,6
24.12.2016;7,5;9,5;5,9;0,00;12,00;16,9;-17,3
25.12.2016;8,8;11,0;7,5;0,00;12,00;15,5;-6,0
26.12.2016;8,3;11,8;3,8;2,25;12,00;30,2;-11,9
27.12.2016;3,6;6,5;1,3;0,02;12,00;36,4;-27,3
28.12.2016;3,3;6,0;1,1;0,00;12,00;31,7;-18,4
29.12.2016;1,8;7,8;-1,4;0,07;12,00;55,7;-44,4
30.12.2016;-0,2;5,1;-3,0;0,05;12,00;60,9;-44,8
31.12.2016;-1,7;4,4;-5,1;0,00;12,00;65,6;-38,6
01.01.2017;-2,8;2,4;-5,3;0,00;1,00;53,1;-17,4
02.01.2017;0,0;1,8;-3,4;0,47;1,00;10,2;-11,1
03.01.2017;1,1;3,5;-0,3;0,00;1,00;29,3;-4,2
04.01.2017;2,1;3,5;0,4;0,56;1,00;13,0;-21,9
05.01.2017;0,2;2,5;-3,2;0,00;1,00;28,5;-30,2
06.01.2017;-5,2;0,0;-8,7;0,00;1,00;66,0;-46,8
07.01.2017;-5,2;0,0;-9,7;0,27;1,00;37,4;-3,8
08.01.2017;-0,1;1,7;-2,8;1,73;1,00;4,7;-17,5
09.01.2017;1,6;3,2;0,0;0,00;1,00;18,6;0,5
10.01.2017;0,6;1,8;-0,7;0,49;1,00;15,7;-11,6
11.01.2017;3,2;6,6;1,0;2,52;1,00;35,4;-4,8
12.01.2017;5,1;6,4;1,5;2,76;1,00;23,1;-12,7
13.01.2017;2,9;4,5;-9,4;0,08;1,00;27,3;-26,8
14.01.2017;1,7;3,8;-0,6;0,20;1,00;38,0;-15,8
15.01.2017;0,5;2,3;-0,7;0,06;1,00;42,5;-13,5
16.01.2017;-1,3;0,1;-3,0;0,65;1,00;20,4;-17,6
17.01.2017;-2,9;0,0;-4,6;0,00;1,00;52,5;-26,7
18.01.2017;-2,9;0,0;-4,5;0,00;1,00;56,0;-30,3
19.01.2017;-4,0;0,4;-7,3;0,00;1,00;70,5;-34,9
20.01.2017;-3,8;2,0;-8,0;0,00;1,00;74,7;-31,8
21.01.2017;-3,8;2,2;-8,4;0,00;1,00;73,2;-30,5
22.01.2017;-4,6;1,2;-8,7;0,00;1,00;78,8;-31,3
23.01.2017;-5,5;0,0;-9,2;0,00;1,00;68,3;-31,2
24.01.2017;-5,1;0,0;-8,0;0,25;1,00;11,6;-3,5
25.01.2017;-5,2;0,0;-7,9;0,00;1,00;17,5;-1,4
26.01.2017;-2,1;0,0;-4,7;0,00;1,00;29,3;-14,5
27.01.2017;-0,8;7,7;-6,2;0,00;1,00;77,8;-20,3
28.01.2017;0,2;7,1;-4,6;0,00;1,00;76,5;-17,4
29.01.2017;2,3;8,5;-2,7;0,02;1,00;59,3;-9,2
30.01.2017;5,2;7,6;0,8;2,49;1,00;22,1;-15,6
31.01.2017;5,5;8,2;2,0;2,56;1,00;2,6;-19,9
01.02.2017;5,0;7,8;0,2;0,00;2,00;27,1;5,8
02.02.2017;8,0;13,4;2,4;0,00;2,00;52,5;5,6
03.02.2017;8,4;13,0;6,5;0,00;2,00;42,5;-10,9
04.02.2017;6,6;10,7;2,4;0,00;2,00;38,0;-15,5
05.02.2017;6,3;9,6;1,8;0,07;2,00;46,6;1,6
06.02.2017;5,5;7,9;0,5;0,00;2,00;57,4;8,4
07.02.2017;5,6;9,6;0,0;0,00;2,00;61,4;8,4
08.02.2017;4,6;7,1;-0,8;0,00;2,00;43,7;-8,6
09.02.2017;1,0;2,4;-1,3;0,00;2,00;22,1;-18,6
10.02.2017;1,5;4,5;-1,4;0,00;2,00;39,8;-1,6
11.02.2017;3,6;10,8;-1,6;0,00;2,00;89,2;0,7
12.02.2017;3,2;7,2;-0,8;0,00;2,00;97,2;9,0
13.02.2017;2,1;5,0;-0,1;0,00;2,00;44,5;-9,7
14.02.2017;3,7;9,8;0,0;0,00;2,00;102,8;-5,5
15.02.2017;5,3;12,8;0,2;0,00;2,00;104,0;-2,1
16.02.2017;8,4;16,4;2,4;0,00;2,00;95,7;9,9
17.02.2017;8,2;10,6;6,5;4,90;2,00;57,1;4,6
18.02.2017;6,2;9,4;2,4;0,00;2,00;56,9;5,1
19.02.2017;5,6;11,0;0,2;0,00;2,00;92,4;10,1
20.02.2017;8,5;10,9;6,9;0,70;2,00;54,1;15,2
21.02.2017;10,3;11,9;9,0;2,70;2,00;25,4;-6,2
22.02.2017;10,7;11,5;9,8;0,00;2,00;24,6;-1,3
23.02.2017;12,7;19,8;7,8;0,60;2,00;111,0;22,9
24.02.2017;6,9;9,5;2,7;0,50;2,00;77,3;7,9
25.02.2017;5,1;11,8;-0,2;0,00;2,00;128,7;14,8
26.02.2017;8,2;13,7;3,6;0,00;2,00;69,0;2,1
27.02.2017;10,8;17,4;3,8;0,10;2,00;133,9;23,5
28.02.2017;6,2;9,9;3,8;9,30;2,00;56,0;-7,7
01.03.2017;6,4;9,3;3,6;2,4;3,00;60,5;0,6
02.03.2017;8,2;11,1;3,1;0,8;3,00;102,0;4,2
03.03.2017;7,6;14,1;2,1;0,0;3,00;80,2;12,5
04.03.2017;9,5;18,2;3,6;0,8;3,00;99,4;16,8
05.03.2017;8,6;12,8;5,7;1,3;3,00;120,2;36,7
06.03.2017;7,2;11,4;4,5;1,2;3,00;79,3;14,6
07.03.2017;6,1;9,3;3,6;4,8;3,00;79,2;12,7
08.03.2017;6,8;10,1;3,5;2,5;3,00;65,1;12,2
09.03.2017;11,3;13,7;9,5;15,6;3,00;43,3;-2,3
10.03.2017;8,6;12,4;3,8;0,0;3,00;152,1;32,0
11.03.2017;7,8;14,7;1,2;0,0;3,00;123,3;20,9
12.03.2017;8,6;15,1;1,7;0,0;3,00;169,7;35,9
13.03.2017;7,5;13,2;1,3;0,0;3,00;150,3;30,8
14.03.2017;8,9;16,4;2,6;0,0;3,00;145,2;37,2
15.03.2017;9,8;15,6;5,0;0,0;3,00;115,7;27,3
16.03.2017;11,2;19,4;4,4;0,0;3,00;169,3;43,4
17.03.2017;13,4;20,6;8,8;0,0;3,00;137,0;40,1
18.03.2017;10,0;11,6;8,1;10,2;3,00;35,1;-14,0
19.03.2017;13,0;16,0;10,6;0,0;3,00;88,4;42,3
20.03.2017;12,6;15,9;10,7;0,0;3,00;93,4;39,0
21.03.2017;10,4;14,1;5,5;4,6;3,00;50,9;9,8
22.03.2017;7,0;9,1;4,8;2,3;3,00;38,1;9,9
23.03.2017;11,0;16,2;7,0;0,3;3,00;177,2;81,7
24.03.2017;9,9;11,5;8,1;0,0;3,00;39,1;11,7
25.03.2017;11,2;16,7;6,4;0,0;3,00;185,4;69,2
26.03.2017;10,8;16,2;4,9;0,0;3,00;185,3;55,3
27.03.2017;11,3;19,0;3,6;0,0;3,00;207,2;56,8
28.03.2017;13,5;21,4;5,8;0,0;3,00;172,8;56,5
29.03.2017;15,2;20,7;9,8;0,0;3,00;185,6;63,8
30.03.2017;15,3;21,9;8,3;0,0;3,00;197,8;67,9
31.03.2017;17,2;25,9;9,6;0,0;3,00;188,8;63,7
01.04.2017;15,3;20,8;10,1;0,00;4,00;174,5;67,0
02.04.2017;13,9;17,8;10,4;0,00;4,00;158,3;68,5
03.04.2017;14,8;19,3;9,3;0,00;4,00;166,7;68,9
04.04.2017;13,0;17,7;7,7;0,00;4,00;175,3;66,7
05.04.2017;11,5;16,7;6,0;0,00;4,00;173,8;61,6
06.04.2017;9,0;12,8;6,1;0,00;4,00;112,9;26,1
07.04.2017;9,8;16,0;4,0;0,00;4,00;209,9;86,3
08.04.2017;11,9;20,1;4,5;0,00;4,00;218,0;82,2
09.04.2017;14,6;23,3;6,3;0,00;4,00;223,4;84,6
10.04.2017;17,0;25,4;10,1;0,00;4,00;212,3;84,5
11.04.2017;11,3;15,5;7,2;0,00;4,00;189,6;73,2
12.04.2017;12,9;20,9;5,2;0,00;4,00;193,4;88,9
13.04.2017;13,4;15,9;10,8;0,00;4,00;139,6;53,9
14.04.2017;12,5;15,1;10,3;0,00;4,00;88,4;36,7
15.04.2017;12,5;15,1;9,5;0,20;4,00;78,0;24,4
16.04.2017;9,0;12,4;6,5;0,90;4,00;89,0;28,0
17.04.2017;7,7;11,9;4,7;4,20;4,00;82,2;8,8
18.04.2017;4,3;8,3;2,0;5,50;4,00;131,2;50,9
19.04.2017;4,3;7,4;2,2;0,60;4,00;111,4;46,2
20.04.2017;4,4;10,8;-1,1;0,00;4,00;213,1;77,9
21.04.2017;8,9;16,5;1,6;0,00;4,00;249,5;119,8
22.04.2017;9,7;13,5;6,7;0,20;4,00;50,1;-4,7
23.04.2017;7,9;12,1;4,1;0,00;4,00;197,8;84,4
24.04.2017;10,2;19,1;1,2;0,00;4,00;257,9;113,0
25.04.2017;9,5;14,6;5,1;3,20;4,00;77,1;12,4
26.04.2017;5,8;8,5;3,4;6,40;4,00;73,2;23,6
27.04.2017;6,1;8,8;3,8;6,40;4,00;69,0;26,9
28.04.2017;8,2;12,8;4,9;2,10;4,00;150,9;75,3
29.04.2017;10,0;15,0;5,1;1,20;4,00;146,9;59,6
30.04.2017;11,7;18,9;3,2;0,00;4,00;273,3;129,5
01.05.2017;8,9;11,7;7,6;8,20;5,0;44,6;-16,4
02.05.2017;10,8;15,7;7,5;3,20;5,0;117,2;53,4
03.05.2017;11,4;16,1;8,8;3,00;5,0;119,9;56,7
04.05.2017;10,6;14,5;6,9;4,00;5,0;162,6;85,1
05.05.2017;12,3;17,9;8,7;0,00;5,0;146,3;78,3
06.05.2017;13,8;22,2;6,5;0,70;5,0;184,9;91,4
07.05.2017;13,3;15,4;12,0;2,20;5,0;52,3;8,1
08.05.2017;10,1;12,1;7,8;6,00;5,0;36,3;-4,9
09.05.2017;10,0;14,2;6,8;0,40;5,0;156,2;82,2
10.05.2017;12,5;21,6;4,0;0,00;5,0;291,7;143,0
11.05.2017;16,3;24,4;9,3;0,00;5,0;161,9;74,7
12.05.2017;16,5;22,2;12,8;9,10;5,0;150,3;78,1
13.05.2017;17,0;22,6;12,6;5,40;5,0;165,4;77,8
14.05.2017;16,4;22,9;13,4;2,00;5,0;156,2;72,5
15.05.2017;17,0;23,2;12,5;0,30;5,0;201,8;107,2
16.05.2017;18,6;26,5;10,1;0,00;5,0;280,6;145,0
17.05.2017;21,4;28,1;12,9;0,00;5,0;286,8;148,9
18.05.2017;20,7;25,7;16,6;2,00;5,0;159,3;61,4
19.05.2017;14,3;19,0;9,6;4,90;5,0;50,7;-5,4
20.05.2017;13,0;17,7;7,5;0,00;5,0;173,5;74,3
21.05.2017;15,2;22,7;7,2;0,00;5,0;261,6;138,9
22.05.2017;18,6;24,2;12,7;0,00;5,0;230,7;117,3
23.05.2017;20,5;27,5;13,4;0,00;5,0;235,4;135,7
24.05.2017;19,1;22,9;15,1;0,00;5,0;234,0;124,7
25.05.2017;19,2;23,8;15,4;0,00;5,0;259,5;145,8
26.05.2017;20,1;27,0;12,1;0,00;5,0;302,0;153,9
27.05.2017;22,9;30,1;13,7;0,00;5,0;302,9;151,0
28.05.2017;25,0;32,8;16,0;0,00;5,0;289,9;149,5
29.05.2017;26,1;34,1;19,2;0,00;5,0;263,0;144,6
30.05.2017;23,6;30,6;19,1;1,10;5,0;205,1;114,5
31.05.2017;21,7;26,6;17,6;0,00;5,0;253,7;143,2
01.06.2017;22,2;28,4;15,1;0,00;6,00;296,6;296,6
02.06.2017;22,9;29,3;19,8;0,00;6,00;211,0;211,0
03.06.2017;22,7;29,7;17,6;0,00;6,00;219,7;219,7
04.06.2017;18,3;21,5;13,9;15,40;6,00;197,5;197,5
05.06.2017;16,0;21,2;13,1;0,20;6,00;131,6;131,6
06.06.2017;16,2;21,9;12,0;0,20;6,00;163,5;163,5
07.06.2017;14,1;18,5;10,8;0,20;6,00;250,1;250,1
08.06.2017;18,0;25,8;10,4;0,00;6,00;286,5;286,5
09.06.2017;19,6;26,6;13,8;4,70;6,00;174,8;174,8
10.06.2017;18,9;25,0;12,4;0,00;6,00;257,9;257,9
11.06.2017;23,4;32,7;13,6;0,00;6,00;291,1;291,1
12.06.2017;23,3;26,7;17,6;0,00;6,00;279,9;279,9
13.06.2017;20,0;26,1;13,7;0,00;6,00;299,9;299,9
14.06.2017;21,8;28,2;14,6;0,00;6,00;294,2;294,2
15.06.2017;24,2;32,0;16,7;0,20;6,00;278,8;278,8
16.06.2017;21,3;23,9;18,8;0,00;6,00;250,2;250,2
17.06.2017;18,9;23,1;15,3;0,00;6,00;230,7;230,7
18.06.2017;21,9;27,0;17,8;0,00;6,00;300,6;300,6
19.06.2017;24,3;33,1;14,9;0,00;6,00;309,6;309,6
20.06.2017;27,1;35,0;19,4;0,00;6,00;270,9;270,9
21.06.2017;27,0;33,4;20,2;0,00;6,00;274,6;274,6
22.06.2017;28,6;35,5;20,4;0,00;6,00;230,8;230,8
23.06.2017;27,3;30,3;22,5;0,00;6,00;257,9;257,9
24.06.2017;23,9;29,1;19,4;0,00;6,00;292,8;292,8
25.06.2017;22,7;27,4;19,0;0,00;6,00;165,0;165,0
26.06.2017;24,9;31,0;18,3;0,00;6,00;296,0;296,0
27.06.2017;22,7;29,3;18,7;15,00;6,00;163,9;163,9
28.06.2017;22,2;27,1;17,9;27,90;6,00;186,3;186,3
29.06.2017;18,5;24,3;15,9;31,00;6,00;200,5;200,5
30.06.2017;19,1;25,2;14,3;0,10;6,00;261,2;261,2
01.07.2017;17,7;20,9;15,5;0,0;7,00;146,0;75,4
02.07.2017;17,6;22,4;14,6;1,6;7,00;95,7;23,3
03.07.2017;19,9;25,7;15,6;0,0;7,00;205,8;119,5
04.07.2017;22,2;28,3;17,2;0,0;7,00;235,0;139,1
05.07.2017;24,3;31,4;16,2;0,0;7,00;269,8;140,5
06.07.2017;25,8;33,5;17,9;0,0;7,00;259,4;132,3
07.07.2017;25,5;32,7;21,0;0,5;7,00;199,6;110,9
08.07.2017;26,7;32,5;19,6;0,0;7,00;213,0;124,6
09.07.2017;24,7;30,6;20,3;3,1;7,00;158,0;72,5
10.07.2017;22,0;27,2;17,9;5,2;7,00;161,8;74,6
11.07.2017;20,3;24,6;16,5;10,8;7,00;159,4;65,3
12.07.2017;20,5;24,0;17,7;1,7;7,00;133,7;44,6
13.07.2017;18,7;23,7;13,6;0,0;7,00;303,0;167,7
14.07.2017;19,2;24,1;14,2;1,0;7,00;177,2;76,2
15.07.2017;17,7;22,5;14,1;0,9;7,00;229,9;113,9
16.07.2017;19,9;27,6;12,9;0,0;7,00;231,0;136,6
17.07.2017;23,2;29,7;15,8;0,0;7,00;279,0;153,5
18.07.2017;25,8;32,7;18,2;0,0;7,00;251,3;134,9
19.07.2017;27,2;34,5;20,1;3,0;7,00;234,1;118,0
20.07.2017;21,2;25,4;19,0;8,2;7,00;111,0;27,9
21.07.2017;22,6;29,6;16,7;10,8;7,00;233,5;139,0
22.07.2017;23,0;29,1;17,4;5,9;7,00;217,0;128,7
23.07.2017;20,8;23,5;16,5;4,4;7,00;157,1;72,7
24.07.2017;17,2;21,2;14,4;0,7;7,00;136,8;48,5
25.07.2017;14,9;16,7;13,3;8,2;7,00;77,0;-19,3
26.07.2017;16,5;20,5;14,2;14,8;7,00;76,8;17,0
27.07.2017;19,1;24,4;15,3;3,0;7,00;126,4;67,3
28.07.2017;20,1;25,2;15,4;1,8;7,00;221,6;122,2
29.07.2017;22,7;29,8;15,8;0,0;7,00;265,8;139,4
30.07.2017;25,4;31,7;20,6;0,2;7,00;220,2;108,3
31.07.2017;24,8;29,5;19,5;0,0;7,00;179,8;87,7
01.08.2017;24,6;33,1;20,5;11,10;8,00;216,9;121,1
02.08.2017;24,2;29,2;19,7;3,20;8,00;196,9;117,6
03.08.2017;25,5;30,5;21,7;0,40;8,00;127,3;58,7
04.08.2017;23,9;27,4;19,0;0,00;8,00;166,1;85,7
05.08.2017;22,3;29,6;17,1;0,10;8,00;186,1;97,4
06.08.2017;20,2;25,0;16,0;0,00;8,00;224,9;108,7
07.08.2017;20,6;26,6;13,4;0,00;8,00;273,5;127,6
08.08.2017;20,3;25,0;15,9;0,10;8,00;109,7;27,4
09.08.2017;19,7;24,0;15,1;1,30;8,00;129,5;64,5
10.08.2017;15,2;17,0;13,4;6,60;8,00;26,6;-25,2
11.08.2017;14,9;17,0;13,4;6,90;8,00;51,9;18,2
12.08.2017;16,5;20,4;13,6;6,10;8,00;113,6;59,3
13.08.2017;19,2;24,0;15,8;0,00;8,00;140,9;77,3
14.08.2017;22,2;29,0;16,4;0,00;8,00;228,8;118,8
15.08.2017;23,5;32,3;17,8;1,20;8,00;219,7;106,6
16.08.2017;22,2;26,9;18,2;3,50;8,00;178,9;100,6
17.08.2017;23,1;29,0;17,8;0,00;8,00;177,9;92,7
18.08.2017;22,5;31,3;17,0;7,80;8,00;169,7;75,0
19.08.2017;17,7;22,3;13,8;0,00;8,00;176,6;73,3
20.08.2017;16,9;21,9;12,6;0,00;8,00;177,4;70,8
21.08.2017;17,0;23,6;12,4;0,00;8,00;174,0;77,7
22.08.2017;18,4;25,6;11,6;0,00;8,00;220,7;100,8
23.08.2017;21,7;29,6;15,3;0,00;8,00;224,9;115,4
24.08.2017;22,6;29,0;17,7;0,00;8,00;189,5;86,8
25.08.2017;24,0;32,0;17,9;0,00;8,00;206,8;104,2
26.08.2017;25,5;32,0;19,4;0,00;8,00;199,2;89,1
27.08.2017;23,0;28,4;19,2;1,80;8,00;142,6;59,7
28.08.2017;23,0;29,5;18,1;0,00;8,00;213,3;98,4
29.08.2017;23,9;31,4;17,2;0,00;8,00;216,3;92,3
30.08.2017;26,0;33,5;18,9;2,60;8,00;172,2;70,4
31.08.2017;18,7;22,2;15,0;9,20;8,00;48,2;-25,7
01.09.2017;15,1;17,4;12,8;2,40;9,00;67,1;-17,4
02.09.2017;14,4;18,9;12,2;0,10;9,00;106,1;20,9
03.09.2017;14,3;20,5;9,9;0,00;9,00;157,3;68,8
04.09.2017;15,9;22,2;9,6;0,00;9,00;151,0;62,1
05.09.2017;20,1;25,9;14,7;1,60;9,00;148,7;84,7
06.09.2017;19,0;21,9;14,8;2,40;9,00;144,3;28,9
07.09.2017;15,7;19,8;13,3;1,70;9,00;124,6;46,8
08.09.2017;15,9;20,1;11,9;0,00;9,00;108,1;38,1
09.09.2017;15,1;18,1;13,7;7,00;9,00;34,0;-22,3
10.09.2017;15,3;20,2;13,1;0,00;9,00;103,1;45,3
11.09.2017;14,5;18,9;11,1;1,90;9,00;128,1;31,6
12.09.2017;14,5;18,5;12,3;1,30;9,00;112,7;26,0
13.09.2017;16,7;22,1;11,6;0,10;9,00;93,8;28,6
14.09.2017;14,2;22,2;11,3;11,20;9,00;77,9;-8,5
15.09.2017;13,3;18,9;9,6;0,00;9,00;125,6;38,8
16.09.2017;10,8;17,6;7,1;7,80;9,00;86,2;12,9
17.09.2017;11,1;17,2;6,5;7,90;9,00;131,2;45,0
18.09.2017;11,6;15,7;9,6;3,90;9,00;94,4;12,9
19.09.2017;12,0;16,1;9,6;1,10;9,00;92,7;22,5
20.09.2017;13,2;17,4;9,5;0,00;9,00;131,3;52,3
21.09.2017;12,7;19,7;7,1;0,00;9,00;177,1;52,9
22.09.2017;14,4;22,5;8,5;0,00;9,00;161,9;57,9
23.09.2017;15,0;20,8;10,1;0,00;9,00;156,7;49,6
24.09.2017;14,5;21,0;9,0;0,00;9,00;155,5;49,7
25.09.2017;14,4;20,8;8,7;0,00;9,00;133,0;35,6
26.09.2017;15,1;21,3;10,7;0,30;9,00;129,5;41,1
27.09.2017;15,8;21,8;10,9;0,00;9,00;138,0;42,5
28.09.2017;18,0;24,5;13,4;0,00;9,00;114,4;35,2
29.09.2017;18,4;23,3;15,5;0,00;9,00;87,1;30,5
30.09.2017;17,2;26,3;12,4;5,30;9,00;109,3;35,2
01.10.2017;13,5;18,0;9,9;0,00;10,00;156,2;42,2
02.10.2017;15,5;19,5;11,2;0,00;10,00;49,1;5,7
03.10.2017;14,1;17,6;10,3;23,20;10,00;86,5;19,2
04.10.2017;12,4;17,2;8,5;0,00;10,00;101,5;25,7
05.10.2017;14,4;22,1;9,9;3,90;10,00;122,9;28,5
06.10.2017;10,4;13,8;7,8;0,90;10,00;88,7;6,8
07.10.2017;11,7;15,9;8,2;2,20;10,00;109,9;36,6
08.10.2017;12,3;15,4;9,8;1,60;10,00;61,5;0,1
09.10.2017;12,4;15,8;10,7;0,90;10,00;72,3;5,7
10.10.2017;12,6;15,2;10,3;0,10;10,00;41,3;-3,7
11.10.2017;15,3;20,7;11,7;0,00;10,00;103,2;31,6
12.10.2017;14,8;19,4;11,1;0,00;10,00;51,3;-1,6
13.10.2017;15,2;21,3;11,0;0,00;10,00;120,8;22,3
14.10.2017;14,9;22,5;9,4;0,00;10,00;129,1;18,1
15.10.2017;16,1;24,1;10,6;0,00;10,00;127,1;13,2
16.10.2017;17,2;25,3;11,6;0,00;10,00;121,2;8,4
17.10.2017;16,1;23,9;10,9;0,00;10,00;122,1;4,3
18.10.2017;14,9;22,4;9,9;0,00;10,00;117,1;2,2
19.10.2017;14,9;22,7;10,0;0,00;10,00;88,6;-1,7
20.10.2017;16,2;21,8;12,9;0,00;10,00;45,5;1,6
21.10.2017;15,7;21,2;11,2;5,30;10,00;59,5;5,7
22.10.2017;11,2;15,0;8,8;0,70;10,00;95,5;7,8
23.10.2017;10,1;13,1;7,8;0,20;10,00;50,3;0,6
24.10.2017;13,1;17,4;10,3;0,00;10,00;53,4;11,0
25.10.2017;16,2;22,2;12,9;0,00;10,00;87,4;22,8
26.10.2017;15,5;20,2;12,6;0,00;10,00;97,5;19,2
27.10.2017;12,7;14,6;10,3;5,60;10,00;54,1;-6,6
28.10.2017;9,6;12,1;6,6;0,00;10,00;53,0;-1,6
29.10.2017;10,3;13,7;6,5;8,70;10,00;44,5;-17,1
30.10.2017;6,9;9,9;4,3;0,00;10,00;53,5;-13,6
31.10.2017;5,6;11,1;1,4;0,00;10,00;94,4;0,0
01.11.2017;8,7;14,3;6,0;0,10;11,00;59,2;-5,8
02.11.2017;11,8;16,3;7,3;0,00;11,00;50,3;2,7
03.11.2017;11,5;15,5;7,5;0,00;11,00;45,6;-6,4
04.11.2017;12,1;19,0;6,7;0,00;11,00;54,5;-8,2
05.11.2017;9,8;12,4;7,1;9,30;11,00;12,3;-28,1
06.11.2017;6,7;8,1;5,4;0,10;11,00;18,2;-14,8
07.11.2017;7,5;9,3;5,8;1,20;11,00;6,6;-12,0
08.11.2017;7,6;8,5;6,9;4,00;11,00;7,1;-9,4
09.11.2017;7,7;8,8;6,8;0,00;11,00;10,7;-8,9
10.11.2017;7,1;8,1;6,0;1,80;11,00;16,2;-18,5
11.11.2017;7,8;10,4;5,2;3,10;11,00;21,1;-27,6
12.11.2017;5,9;11,3;3,0;22,00;11,00;13,8;-14,0
13.11.2017;5,1;7,7;3,7;0,60;11,00;34,1;-16,3
14.11.2017;3,6;6,1;1,6;0,00;11,00;43,1;-11,0
15.11.2017;2,5;7,6;-0,8;0,00;11,00;75,7;-21,9
16.11.2017;2,1;3,6;0,0;0,00;11,00;23,2;-0,6
17.11.2017;4,1;6,4;1,3;0,10;11,00;14,8;0,2
18.11.2017;6,1;8,6;5,1;0,00;11,00;40,3;6,2
19.11.2017;5,3;7,5;3,9;1,50;11,00;39,2;-14,1
20.11.2017;5,2;7,4;3,5;0,00;11,00;17,9;-10,1
21.11.2017;8,4;12,3;4,8;4,30;11,00;23,2;-17,0
22.11.2017;8,4;17,9;3,0;0,00;11,00;59,2;-34,9
23.11.2017;11,3;17,3;4,2;0,00;11,00;47,4;-24,7
24.11.2017;12,9;17,8;11,1;0,70;11,00;40,8;-19,7
25.11.2017;7,4;11,2;3,6;17,00;11,00;15,9;-27,9
26.11.2017;3,3;5,8;1,6;1,50;11,00;38,3;-27,6
27.11.2017;4,7;6,7;2,1;0,00;11,00;33,8;-8,7
28.11.2017;5,7;7,2;3,6;0,90;11,00;15,3;-18,1
29.11.2017;3,5;6,2;0,4;0,50;11,00;16,8;-31,8
30.11.2017;2,5;5,1;0,4;1,20;11,00;25,9;-18,7
01.12.2017;1,9;3,4;0,7;0,80;12,00;20,1;-18,5
02.12.2017;1,0;2,6;-1,0;0,00;12,00;12,3;-17,9
03.12.2017;0,3;1,7;-0,8;0,40;12,00;23,4;1,6
04.12.2017;2,9;5,3;0,3;0,40;12,00;7,3;-19,6
05.12.2017;4,8;6,2;3,1;0,00;12,00;16,9;-4,9
06.12.2017;5,1;6,3;2,6;0,00;12,00;8,8;-6,0
07.12.2017;5,3;10,1;0,9;0,00;12,00;58,7;-29,9
08.12.2017;4,8;8,5;0,7;2,10;12,00;32,5;-28,8
09.12.2017;0,8;2,4;-0,9;0,00;12,00;44,0;-25,8
10.12.2017;1,9;7,6;-1,6;3,80;12,00;10,4;-31,3
11.12.2017;7,0;9,2;5,3;9,00;12,00;11,2;-18,3
12.12.2017;4,5;7,9;1,2;0,10;12,00;19,3;-27,1
13.12.2017;3,4;6,1;0,5;0,80;12,00;42,1;-26,8
14.12.2017;6,1;7,7;4,8;2,40;12,00;46,6;-27,0
15.12.2017;4,4;7,8;2,6;2,80;12,00;33,6;-23,8
16.12.2017;3,1;5,2;1,7;0,60;12,00;19,1;-21,4
17.12.2017;2,8;4,1;2,3;0,00;12,00;20,1;-6,0
18.12.2017;2,3;3,9;0,3;1,50;12,00;19,6;-6,3
19.12.2017;2,8;3,6;1,9;0,00;12,00;10,4;-9,5
20.12.2017;4,0;5,6;2,5;0,10;12,00;15,1;-2,8
21.12.2017;6,0;7,8;4,1;1,90;12,00;12,6;-3,4
22.12.2017;8,1;10,0;6,5;0,90;12,00;9,1;-3,4
23.12.2017;8,7;9,6;8,0;0,00;12,00;12,5;-1,7
24.12.2017;7,1;8,3;5,1;0,00;12,00;21,8;4,3
25.12.2017;4,7;8,5;2,1;0,00;12,00;47,4;-22,3
26.12.2017;5,7;11,7;2,0;0,00;12,00;41,7;-33,9
27.12.2017;5,5;7,6;3,4;0,10;12,00;15,4;-16,5
28.12.2017;2,9;5,5;0,2;1,00;12,00;24,7;-24,0
29.12.2017;2,0;4,6;0,0;3,00;12,00;46,3;-24,9
30.12.2017;7,6;12,9;3,6;0,80;12,00;18,4;-15,6
31.12.2017;12,4;15,3;9,4;0,00;12,00;36,7;-13,3
01.01.2018;8,4;10,8;6,9;0,3;1,00;48,7;-28,4
02.01.2018;6,1;7,9;4;3,5;1,00;31,4;-22,6
03.01.2018;8,6;13,6;6,3;8,2;1,00;17,6;-24,2
04.01.2018;8,7;12,6;6;10,6;1,00;8,5;-31,2
05.01.2018;9,8;12,6;7,8;2,9;1,00;16,9;-25,8
06.01.2018;8,3;11,3;6;0,5;1,00;30,8;-16,6
07.01.2018;6,7;8,3;3,8;0;1,00;9,1;-4,4
08.01.2018;7,8;8,8;5,5;0;1,00;16,3;-7,2
09.01.2018;6,4;9,9;3,3;0;1,00;30,9;-20,1
10.01.2018;8,2;12,4;4,7;0,1;1,00;42,8;-11,3
11.01.2018;5,9;10;2,6;0;1,00;39,6;-18,7
12.01.2018;4,4;5,4;3,3;0;1,00;25,8;5,4
13.01.2018;5;6;4;0;1,00;5,4;-10,8
14.01.2018;2,6;4,1;0,7;0;1,00;13,3;-21,6
15.01.2018;3,9;6,6;0,5;1,2;1,00;29,8;-19
16.01.2018;6,5;8,1;3,3;6,6;1,00;18,7;-34,1
17.01.2018;4;5;1,4;2,5;1,00;26,1;-21,5
18.01.2018;5,6;9,2;2,3;4,8;1,00;27,2;-17,4
19.01.2018;4,7;7,3;2;3,8;1,00;30,9;-18,8
20.01.2018;3,4;4,9;2,2;7,3;1,00;23,5;-17,6
21.01.2018;3,5;4,9;2,4;0,8;1,00;29;-10,8
22.01.2018;6,2;9,4;1,3;11,1;1,00;9,6;-13,9
23.01.2018;7,4;9,7;5,8;0;1,00;26,1;-4,1
24.01.2018;10;13,6;7;0;1,00;52,4;-6,6
25.01.2018;10,6;13,2;7,5;0;1,00;32,9;-12,3
26.01.2018;8,5;10,8;6,5;0,4;1,00;17,3;-12
27.01.2018;7;9,1;5,3;0;1,00;30,9;-4,9
28.01.2018;8,2;11,2;3,3;0;1,00;36,6;6,4
29.01.2018;9,1;12,9;5,1;0;1,00;38;10,4
30.01.2018;8;9,8;6,2;1,7;1,00;25,4;-7,7
31.01.2018;8,4;10,9;6,2;1,4;1,00;30;-10,9
01.02.2018;4,9;7,1;2,7;2,2;2,00;26,7;-11
02.02.2018;3,2;5,6;0,8;0;2,00;43,4;-10,8
03.02.2018;3,3;5;2;0;2,00;32,1;0
04.02.2018;2,1;6,5;0,5;2,8;2,00;40,3;-2
05.02.2018;2;5,7;-0,2;0;2,00;59,4;3,2
06.02.2018;1,7;5,4;-0,5;0;2,00;57;-10,3
07.02.2018;0,5;2,4;-1,6;0;2,00;40,5;-2,1
08.02.2018;1,4;3,2;-0,3;0;2,00;38,8;2,5
09.02.2018;2,1;3,9;1,1;0;2,00;23,6;3,5
10.02.2018;3;4,8;2;0;2,00;24,1;1,7
11.02.2018;3,8;6,3;2,1;0,1;2,00;24,9;-7,9
12.02.2018;2,4;4,5;-0,1;0,5;2,00;49,2;-8,8
13.02.2018;1,2;5,1;-1,6;0;2,00;90,4;-5,8
14.02.2018;0,1;5,7;-4,2;0;2,00;90,8;-14,2
15.02.2018;3;6,4;-0,8;3,4;2,00;28;-7,6
16.02.2018;6;9;1,6;2,2;2,00;40,3;-7,4
17.02.2018;1,6;3,6;0,6;7,4;2,00;11,9;-33,9
18.02.2018;1,4;2,8;-0,2;0;2,00;37;12
19.02.2018;1,1;2,2;0,2;0;2,00;20,5;-1,9
20.02.2018;1;2,2;-0,2;0;2,00;28,5;1,8
21.02.2018;1;4,2;-1;0;2,00;67,9;8,9
22.02.2018;0,2;3,2;-2,4;0;2,00;79,9;17,1
23.02.2018;0,3;2,7;-2,6;0;2,00;44,6;14,4
24.02.2018;0,1;4,2;-3,3;0;2,00;109,2;17,6
25.02.2018;-3,8;-0,2;-7;0;2,00;115;5,4
26.02.2018;-6,3;-3,5;-8,6;0;2,00;74,3;-18,2
27.02.2018;-7,4;-5,1;-9,6;0;2,00;80,9;0,4
28.02.2018;-6,9;-3;-10,4;0;2,00;116,4;16,7
01.03.2018;-4,2;0,7;-7,9;0;3,00;91,3;39,3
02.03.2018;-1,8;1,8;-5,4;0;3,00;73;36,6
03.03.2018;3,2;10,4;-2,7;0,5;3,00;109,6;29,5
04.03.2018;7,7;14,2;1,5;0;3,00;126,4;48,1
05.03.2018;8,6;13,4;3,9;0;3,00;120,7;34,7
06.03.2018;5,6;10,3;0,9;0;3,00;88,3;17,4
07.03.2018;7,2;10,9;3,8;0,1;3,00;83;13,6
08.03.2018;8,2;13,5;3,9;0;3,00;116,5;28,7
09.03.2018;9,4;13,3;5,3;0,3;3,00;50,2;11,7
10.03.2018;11,9;13,6;8,8;0,1;3,00;42;-5,2
11.03.2018;12;17;7,2;1;3,00;62,8;7,6
12.03.2018;11,2;14,9;8,7;0,4;3,00;71,4;13
13.03.2018;8,6;11,1;5,6;0,5;3,00;87,4;23,4
14.03.2018;8;12,2;5,1;0,1;3,00;121,7;46,6
15.03.2018;7,9;12,2;2,7;0;3,00;92,3;24,1
16.03.2018;9,6;14,7;5;0;3,00;86,3;21,7
17.03.2018;2,8;6,4;-1,8;0,9;3,00;21,2;-3,9
18.03.2018;-1,3;0,3;-2,6;4,2;3,00;50,2;0,1
19.03.2018;-0,3;1,5;-1,9;0;3,00;68,4;32,5
20.03.2018;-0,1;3,6;-3,9;0;3,00;121;39,4
21.03.2018;1,9;6;-1,3;0;3,00;162,8;49,1
22.03.2018;1,7;6,1;-2,4;0,7;3,00;74,3;16,2
23.03.2018;5,2;7,7;2,6;1,1;3,00;53;21
24.03.2018;6,5;11,7;0,9;0;3,00;174,5;61,4
25.03.2018;7,5;14,8;0,8;0;3,00;166,5;58,5
26.03.2018;7,2;10,9;3,5;0;3,00;79,5;23,7
27.03.2018;8,1;12,8;3,1;0,1;3,00;122,4;46,9
28.03.2018;10,2;13,6;7,2;2;3,00;83,6;23,6
29.03.2018;8;11,2;5;0;3,00;130,1;47,7
30.03.2018;9;15,9;2,3;2,1;3,00;152,6;58,6
31.03.2018;9,3;13,7;6,7;0;3,00;136,5;68,6
01.04.2018;7,5;9,5;5,5;2,2;4,00;110;44,5
02.04.2018;10,6;18,6;2,8;0;4,00;183,3;83,6
03.04.2018;16,9;22,6;11,3;0;4,00;166,9;82,6
04.04.2018;14,9;22,8;10,9;0;4,00;142,3;61,7
05.04.2018;11;14,4;7,6;0,8;4,00;131,8;36,6
06.04.2018;9,9;16,6;2,8;0;4,00;199,6;82,5
07.04.2018;14,8;24,3;5,4;0;4,00;203,8;81,8
08.04.2018;16,9;25,5;8,7;0;4,00;198,6;80,1
09.04.2018;16,7;23,7;10,9;0;4,00;118,4;36,8
10.04.2018;14,6;21,6;9,3;6,2;4,00;162,7;80
11.04.2018;13,5;20;6,9;0;4,00;205,6;97,5
12.04.2018;16;22,1;9,8;0;4,00;145,4;47,1
13.04.2018;11,4;15;9,3;2,7;4,00;43,5;-18,3
14.04.2018;14,3;21;6,8;0;4,00;194,6;87,6
15.04.2018;15,1;21,3;8,5;0;4,00;175;80,3
16.04.2018;17,1;20,5;13,7;0;4,00;110,6;48,7
17.04.2018;17;23,9;9,1;0;4,00;213,5;95,8
18.04.2018;18,4;25,8;10,2;0;4,00;220,3;98,7
19.04.2018;19,8;27,4;11,2;0;4,00;224,4;95,9
20.04.2018;20;28,6;11;0;4,00;222,4;97,8
21.04.2018;20,7;28,1;12,8;0;4,00;219,3;100,4
22.04.2018;21,5;29,3;13,6;0;4,00;189,7;78,5
23.04.2018;18,5;21,8;14,9;1,6;4,00;94;25,6
24.04.2018;17,1;22,8;11,7;0;4,00;183,4;78,2
25.04.2018;17,2;22,5;12,3;0;4,00;176,4;72,3
26.04.2018;12,7;16,7;9,3;1,1;4,00;170,5;79,7
27.04.2018;14,7;23,4;6;0;4,00;239,6;115,6
28.04.2018;15,7;20,7;12,3;0;4,00;136,5;62,3
29.04.2018;19,7;27,9;10,9;3;4,00;233,9;131
30.04.2018;16,2;20,7;11,4;0,2;4,00;222;118
01.05.2018;11,6;15,5;8;0;5,0;135,5;66,3
02.05.2018;12,3;18,1;6,9;0;5,0;128,2;67,3
03.05.2018;15,2;18,7;12;0;5,0;114,7;63,3
04.05.2018;17,4;22,6;12,3;0;5,0;180;99,9
05.05.2018;18,9;25,3;12;0;5,0;228,3;134,6
06.05.2018;20,6;25,1;13,8;0;5,0;299,9;160,5
07.05.2018;19,1;25,8;11,2;0;5,0;264,6;126
08.05.2018;19,9;26,9;11,5;0;5,0;267,1;124,2
09.05.2018;19,4;25;13,1;0;5,0;204,2;85,3
10.05.2018;16,1;18,9;12;0,2;5,0;99,8;35,6
11.05.2018;15,7;21,1;10,1;0;5,0;208,3;101,6
12.05.2018;19,7;27,4;11,3;0;5,0;236,4;124,7
13.05.2018;16,6;20,5;12,9;4,6;5,0;104,8;50,7
14.05.2018;14,3;16,2;12,8;2,2;5,0;40,9;8,1
15.05.2018;16,5;22,4;13,1;0,1;5,0;181,9;121,7
16.05.2018;13,9;18,2;12,2;9,5;5,0;92,7;39,9
17.05.2018;14,1;17,2;11,8;1;5,0;77,3;38,3
18.05.2018;15,1;21,2;8,9;0;5,0;269;148,3
19.05.2018;15,5;21;10,2;0,1;5,0;216,6;122,3
20.05.2018;15,4;19,1;12,7;13,8;5,0;64,9;23,2
21.05.2018;18,9;26,3;12,3;0,7;5,0;260,7;146,1
22.05.2018;18,1;26,8;12,8;1,9;5,0;202,1;104,8
23.05.2018;19,2;24,8;15,1;0,4;5,0;167,8;103,8
24.05.2018;18,6;25,2;15,1;0;5,0;146,6;74,3
25.05.2018;20,7;27,3;13,8;0;5,0;264,9;147,7
26.05.2018;22,4;29,4;15;0;5,0;248,6;139,4
27.05.2018;22,9;30,2;17,4;0;5,0;180,2;92,2
28.05.2018;24,4;30,8;17,2;0;5,0;251,9;139,8
29.05.2018;21,2;25;17,8;0;5,0;152,9;62,7
30.05.2018;23,2;30,4;15,5;0,2;5,0;265,5;147,5
31.05.2018;23,4;29,1;17,8;0,3;5,0;246,8;136,4
01.06.2018;20,6;26,8;15,9;9,8;6,00;239;131,5
02.06.2018;20,9;26,2;15,9;0;6,00;213,2;108,6
03.06.2018;23,3;28,7;15,6;0;6,00;292,1;168,3
04.06.2018;24;30,1;16,5;0;6,00;259,4;136,4
05.06.2018;23,8;29,9;17,5;0;6,00;226,3;121,7
06.06.2018;24;30,3;17,6;0;6,00;262,8;145
07.06.2018;21,9;26,9;17,7;12,9;6,00;139,1;64,3
08.06.2018;21,4;28,8;15,9;3,2;6,00;237,1;138
09.06.2018;22,2;28,1;17,6;0;6,00;175,4;100,6
10.06.2018;23,3;28,8;17,8;0;6,00;216,8;120,9
11.06.2018;22,1;28,3;18,4;0,6;6,00;156,4;77,3
12.06.2018;18,9;24,7;15,9;31,2;6,00;94,1;42,9
13.06.2018;15,6;17,9;13,7;0,3;6,00;92,2;49,1
14.06.2018;17,4;22,3;13,8;0;6,00;230,7;155
15.06.2018;18,8;24,7;13,6;0;6,00;198,4;109
16.06.2018;20,9;27,6;13,2;0;6,00;281;152,5
17.06.2018;20,6;25;18,1;0;6,00;167,7;99,2
18.06.2018;20,2;25,3;16,7;0;6,00;232,1;126,7
19.06.2018;21,6;27,5;16;0;6,00;220,9;120
20.06.2018;24,4;31,8;16,7;0;6,00;301,2;164,8
21.06.2018;22,6;27,4;15,3;0;6,00;249,4;126,2
22.06.2018;14,6;18,2;10,8;0;6,00;217,1;91,3
23.06.2018;15,2;20,9;9,8;0;6,00;245,1;120,8
24.06.2018;17;21,1;11,3;0;6,00;192,2;103
25.06.2018;18,6;23,9;15,4;0;6,00;204,1;111,5
26.06.2018;18,9;23,1;14,6;0;6,00;127,4;63,8
27.06.2018;20,1;25,7;13,1;0;6,00;266,9;146,8
28.06.2018;18,5;23,4;13,8;0,9;6,00;118,6;18,5
29.06.2018;21,9;28,2;16,7;0;6,00;209,4;124,3
30.06.2018;24;30,8;16,7;0;6,00;298,7;162,9
01.07.2018;22,3;27,3;16,8;0;7,00;333,1;170,1
02.07.2018;22,5;29,1;15,7;0;7,00;304,1;147,1
03.07.2018;23,8;30,3;16,3;0;7,00;280,9;141,5
04.07.2018;23,3;28,9;18,9;3,3;7,00;175,7;78,4
05.07.2018;19,5;22,2;17,6;4,8;7,00;80,9;-2,7
06.07.2018;20,7;27,1;17,6;3,9;7,00;145,6;83,1
07.07.2018;21,8;28,4;15,6;0;7,00;238,6;135,4
08.07.2018;22,8;28,1;17,9;0;7,00;289,9;153,9
09.07.2018;22,1;28,6;14,6;0;7,00;280,2;141,9
10.07.2018;19,7;22,5;16,1;0;7,00;175,3;83,9
11.07.2018;17,6;22,1;14,1;0;7,00;160,1;81,9
12.07.2018;20,4;25,7;16,7;0;7,00;213,8;122,4
13.07.2018;22,4;30,2;14,3;0;7,00;291,7;151,6
14.07.2018;23,8;29,9;17,5;0;7,00;226;111,7
15.07.2018;22,3;28,7;17,1;0,2;7,00;162,3;59,5
16.07.2018;22,3;27,5;17,3;0,2;7,00;252,1;146,5
17.07.2018;23,6;30,4;16,7;0;7,00;226,5;108,3
18.07.2018;23,5;29,7;17;0;7,00;260,7;130,5
19.07.2018;23,8;31;16,4;0;7,00;287,1;140,9
20.07.2018;23,9;32,3;17,6;0;7,00;226,9;118,7
21.07.2018;20;22,1;18,5;13,1;7,00;74,4;11,4
22.07.2018;20,3;24,8;18,3;3,2;7,00;136,8;64
23.07.2018;22,7;29,2;17,5;0;7,00;239,2;145,5
24.07.2018;24,8;31,8;17,3;0;7,00;247,5;127,2
25.07.2018;26,5;34;18,5;0;7,00;262,4;141,6
26.07.2018;26,8;32,9;19,6;0;7,00;264,2;130,6
27.07.2018;26,8;32,9;19,5;0;7,00;248,6;122,5
28.07.2018;25,5;31,2;21,3;0,2;7,00;147,9;52,7
29.07.2018;25,8;32,3;19,8;0;7,00;232,2;122,7
30.07.2018;27,6;34,6;19,9;0;7,00;241,9;116
31.07.2018;29;36,4;20,3;0;7,00;257,7;134,5
01.08.2018;26,6;32,5;21,5;4,7;8,00;221,6;133,4
02.08.2018;25,3;31,6;19,5;7,8;8,00;244,6;146
03.08.2018;28,1;35,3;21,2;0;8,00;241,8;129,9
04.08.2018;29;36,8;21,7;0;8,00;257,5;134,8
05.08.2018;27,7;33,3;23,9;0;8,00;230,3;112,7
06.08.2018;27,2;34,2;19,4;0,1;8,00;238,9;110,5
07.08.2018;25,8;31,9;22,7;0,1;8,00;104,8;17,8
08.08.2018;25,4;32,2;21;5,5;8,00;205,5;111,9
09.08.2018;25,5;34,8;21,6;0,2;8,00;196,9;112,1
10.08.2018;20,7;25;16,2;0;8,00;190,8;87,4
11.08.2018;20,8;26,5;16,5;0;8,00;203,8;85,1
12.08.2018;22,3;31,3;13;0;8,00;266;117
13.08.2018;21,3;25,6;18,1;3,3;8,00;95,3;0,1
14.08.2018;21,1;25,4;16,8;0;8,00;164,1;77,2
15.08.2018;21,3;27,3;15,8;0;8,00;169,9;81,7
16.08.2018;23,5;31,8;15,4;0;8,00;243,2;113,7
17.08.2018;24,7;31,1;19,2;0;8,00;162,9;76,7
18.08.2018;22,8;28,5;17,3;1,6;8,00;218,3;116
19.08.2018;24,6;31,5;18,2;0;8,00;226,8;111,1
20.08.2018;24,4;30,5;18,7;0;8,00;236,1;108,8
21.08.2018;24,7;31,4;18,3;0;8,00;213,7;99,7
22.08.2018;25,2;33,7;18,4;0;8,00;179,4;73,7
23.08.2018;22,6;29,4;19,7;8,8;8,00;104,1;29,2
24.08.2018;19,5;24,2;16,6;0,6;8,00;93,4;26,4
25.08.2018;14,9;17,1;12;1,2;8,00;60,8;-23,4
26.08.2018;15,3;21,6;8,6;0;8,00;219,4;100,2
27.08.2018;19,1;24,7;13,3;0;8,00;107,7;50,5
28.08.2018;20,7;27,5;14,5;0;8,00;209,3;90,3
29.08.2018;22,8;31,2;15,3;0;8,00;180,5;81,5
30.08.2018;19,5;23,6;17;0;8,00;128,3;61
31.08.2018;15,9;17,7;13,9;8,9;8,00;33,9;-20,5
01.09.2018;17,5;21,7;13,3;0,1;9,00;133,2;50,2
02.09.2018;15,9;18,2;14,1;2,1;9,00;26,7;-35,6
03.09.2018;17,7;21,9;15,6;0;9,00;86,9;38,4
04.09.2018;19,1;25,5;13,9;0;9,00;160;79,2
05.09.2018;21,1;28,1;14,9;0;9,00;182,3;76,9
06.09.2018;20,1;28,6;16,5;2,9;9,00;129;36,4
07.09.2018;18,5;22,8;15;1,5;9,00;128,1;31,6
08.09.2018;17,5;24,8;11,6;0;9,00;208,6;78,1
09.09.2018;18,6;27,4;11,5;0;9,00;197;73
10.09.2018;20,4;29,5;12,5;0;9,00;181,4;62,3
11.09.2018;22;29,8;15,3;0;9,00;192,5;64,9
12.09.2018;23,2;32,4;15,4;1,2;9,00;186,8;64,8
13.09.2018;19,7;25,6;16,6;3,5;9,00;124;45,5
14.09.2018;18,6;23,3;15,8;0;9,00;106,3;43,3
15.09.2018;18,6;22,6;13,6;0;9,00;167,9;60,1
16.09.2018;18;27,1;10,4;0;9,00;181,6;58,6
17.09.2018;20,2;29;13,5;0;9,00;185;56,6
18.09.2018;22,2;31,5;14,7;0;9,00;165,5;61,1
19.09.2018;23,2;30,5;16,9;0;9,00;170,5;56,9
20.09.2018;23,1;31;17,2;0;9,00;166,3;53,3
21.09.2018;21;27,5;14,9;0;9,00;79,6;4,9
22.09.2018;15,5;19,9;12;0;9,00;131,3;36,3
23.09.2018;17,5;25;11,2;19,1;9,00;111,2;44,8
24.09.2018;11,7;16;8,8;0;9,00;152,3;46,9
25.09.2018;10,5;15,7;5,5;0;9,00;180;44,7
26.09.2018;11,9;20,6;4;0;9,00;168,1;39,6
27.09.2018;15,1;24,8;7,7;0;9,00;169,6;39,1
28.09.2018;16;22,6;11,2;0,6;9,00;158,6;43,5
29.09.2018;13,3;18,3;8,8;0;9,00;167,4;32,7
30.09.2018;12,7;21;5,2;0;9,00;158;33,3
01.10.2018;11,8;14,7;9,1;1,3;10,00;68,1;4,6
02.10.2018;9,6;12,5;5;0,1;10,00;77,2;14,5
03.10.2018;13,1;17,2;10,8;0,3;10,00;86;17,6
04.10.2018;12,7;20,2;7,1;0;10,00;142,8;34,6
05.10.2018;14,1;23,1;6,9;0;10,00;149,7;29,9
06.10.2018;17,6;25;11,9;0;10,00;99,3;24
07.10.2018;17,9;23,6;12,8;0;10,00;127,6;24,9
08.10.2018;15,5;22,6;10,7;0;10,00;119,8;22,2
09.10.2018;15,8;22,8;10,9;0;10,00;112,7;20,2
10.10.2018;15,5;23,6;10;0;10,00;111;14,9
11.10.2018;16,5;23,2;10,8;0;10,00;111,4;18,8
12.10.2018;19,5;27,5;14,1;0;10,00;130,1;22
13.10.2018;18,1;26,6;11,7;0;10,00;131,7;11,9
14.10.2018;17,7;27,3;11,9;0;10,00;130,2;9
15.10.2018;16,6;25;11,2;0;10,00;125;3,7
16.10.2018;15,9;24,7;10,2;0;10,00;122,1;4,1
17.10.2018;15,6;23,3;9,7;0;10,00;111,6;5,3
18.10.2018;15,4;21,9;10,6;0;10,00;101,6;2,9
19.10.2018;13,6;19;9,5;0;10,00;101,9;0,6
20.10.2018;12,8;18,9;9;0;10,00;92;2
21.10.2018;10,8;18;5,2;0;10,00;108,7;-3,4
22.10.2018;10,1;16;3,4;0;10,00;103,5;8,9
23.10.2018;12,1;14,9;7,9;0;10,00;42,9;3,8
24.10.2018;14;16,8;12,5;0,1;10,00;56,7;17,5
25.10.2018;13,4;15;12,6;0;10,00;22,8;-0,2
26.10.2018;12,2;17,1;9,4;0;10,00;99;9,5
27.10.2018;8,5;10,6;6,6;0,7;10,00;18,8;-14,8
28.10.2018;4,9;6,6;3,1;17,5;10,00;6,7;-21,9
29.10.2018;6;7,6;4,5;0,1;10,00;10,2;-4,7
30.10.2018;7,2;8,3;5,8;0;10,00;25;-22,9
31.10.2018;8,3;14,2;3,4;0;10,00;57,3;-6,3
01.11.2018;9;15,4;5;0,3;11,00;69,9;-12,8
02.11.2018;9,9;12,8;6,8;0;11,00;40;-9,1
03.11.2018;10,4;12,7;8;0;11,00;48,8;16,8
04.11.2018;11,4;12,3;9,9;0;11,00;25,2;5,2
05.11.2018;10,3;16,2;7,3;0;11,00;64,5;-11,7
06.11.2018;10,5;15,6;6,5;0;11,00;55,5;-14,3
07.11.2018;11,5;18,4;7,1;0;11,00;82,5;-6,7
08.11.2018;11,6;12,6;10,2;0,2;11,00;13,7;-16,5
09.11.2018;10,9;16,8;7,5;0;11,00;62,6;-17,7
10.11.2018;11,6;17;6,7;0;11,00;43;0,4
11.11.2018;13,1;16,5;10,8;1,5;11,00;41,4;-11,4
12.11.2018;14,3;19,3;10;0;11,00;41,5;-10,8
13.11.2018;11,8;15,3;6,6;1,5;11,00;21,6;-41,3
14.11.2018;7,7;14,2;3,4;0;11,00;78,9;-27,5
15.11.2018;5,5;7,4;3,3;0;11,00;17,9;-1,8
16.11.2018;5,8;10,3;2,5;0;11,00;76,2;-26,7
17.11.2018;5,1;11,2;0,4;0;11,00;74,2;-34,6
18.11.2018;4,2;8,5;0,7;0;11,00;71,5;-29
19.11.2018;2,8;4,8;0,7;0;11,00;38,1;-8
20.11.2018;3,3;6;0,4;0;11,00;19,4;-19,2
21.11.2018;1,2;3,1;-1,1;0;11,00;17,4;-17,1
22.11.2018;4,2;9,4;2;0;11,00;60,7;-15,2
23.11.2018;4,4;9,7;0,7;0;11,00;56;-16,8
24.11.2018;7,2;11,9;4;1;11,00;30,5;-12,8
25.11.2018;6,1;11,7;1,6;0;11,00;63,9;-16,4
26.11.2018;5,1;5,9;4,3;4;11,00;8,5;-19,6
27.11.2018;4,3;5,1;3,6;0,5;11,00;9,7;-15,9
28.11.2018;4,5;7;2,2;0;11,00;39,6;-8,3
29.11.2018;6;9,4;2,6;0;11,00;37,5;-10,7
30.11.2018;6,9;8,9;4,5;2,4;11,00;13,7;-21,9
01.12.2018;8,1;11,2;5;0;12,00;47,9;-10,6
02.12.2018;11;13,8;8,4;1,1;12,00;25,6;-23,3
03.12.2018;13,1;15,5;11,1;11,5;12,00;23,9;-39,3
04.12.2018;8,7;11,1;5,6;2,8;12,00;14,9;-36,1
05.12.2018;7,2;9,7;5,4;0;12,00;28,8;-11,1
06.12.2018;10,5;13,3;7,1;2,4;12,00;24,4;-4,9
07.12.2018;12,1;13,5;8,4;1,1;12,00;15,2;-14,5
08.12.2018;7,6;9,1;6;0,2;12,00;25,9;-34,7
09.12.2018;8,4;10,8;7,1;3,1;12,00;10,7;-47,2
10.12.2018;5,8;7,7;2,8;1,5;12,00;25,3;-30,6
11.12.2018;4;5,7;1,8;0;12,00;20,7;-19,8
12.12.2018;3,3;5,1;1,8;0,2;12,00;15,1;-17,1
13.12.2018;1,5;2,8;0,7;0;12,00;11,5;-16,6
14.12.2018;0,4;1,7;-0,5;0;12,00;6,3;-11,9
15.12.2018;-0,3;0,9;-1,9;0;12,00;9,5;-18
16.12.2018;1,6;4,2;-1,8;1,1;12,00;28,9;-6,6
17.12.2018;4,3;8;0,6;0,1;12,00;33,1;-17,7
18.12.2018;4;8,2;0,9;0;12,00;51,5;-41,8
19.12.2018;5,2;7,6;0,9;0,7;12,00;9,4;-23,2
20.12.2018;7,1;9,2;5,3;0;12,00;23,2;-21,5
21.12.2018;9,6;12,3;7,1;0,2;12,00;15,2;-22,9
22.12.2018;10,6;12,4;9,2;9,4;12,00;23,9;-28,7
23.12.2018;9,6;12,3;7,8;3,4;12,00;16,7;-22,1
24.12.2018;6,8;12,3;2,4;13,1;12,00;17,1;-24,3
25.12.2018;0,7;3,1;-0,5;0;12,00;30,1;-27
26.12.2018;0,3;2,8;-1,3;0;12,00;31,3;-18,1
27.12.2018;0,8;4,9;-1,9;0;12,00;38,9;-24,6
28.12.2018;1,3;5,5;-0,4;0;12,00;46,8;-10,1
29.12.2018;2,4;5,3;-0,2;0,1;12,00;22,5;-0,4
30.12.2018;6,5;7,7;4,6;0,7;12,00;16,9;-1,5
31.12.2018;6,9;8,7;5;0,9;12,00;12,9;-6,5
01.01.2019;6,7;7,7;5,8;0,30;1,00;9,1;-13,9
02.01.2019;3,6;6,0;1,0;0,40;1,00;24,9;-31,6
03.01.2019;0,9;3,1;-1,4;4,00;1,00;18,0;-26,0
04.01.2019;2,3;3,5;1,3;0,00;1,00;25,9;-9,6
05.01.2019;3,6;5,6;1,6;8,00;1,00;6,3;-22,2
06.01.2019;4,8;5,5;4,2;2,10;1,00;13,8;-17,4
07.01.2019;4,3;5,9;3,3;0,40;1,00;15,3;-7,4
08.01.2019;5,3;8,0;3,2;1,00;1,00;36,1;-21,5
09.01.2019;2,4;5,2;0,5;4,70;1,00;22,7;-30,9
10.01.2019;0,9;2,0;-0,1;0,60;1,00;11,3;-18,3
11.01.2019;0,0;1,6;-0,8;1,40;1,00;14,6;-9,5
12.01.2019;3,3;4,5;1,5;7,90;1,00;16,6;-19,1
13.01.2019;6,1;9,0;3,4;13,30;1,00;8,0;-23,0
14.01.2019;5,6;8,6;2,8;5,80;1,00;30,3;-11,0
15.01.2019;4,7;6,8;2,8;0,00;1,00;37,2;1,5
16.01.2019;5,3;8,9;2,2;0,00;1,00;56,1;-16,1
17.01.2019;6,3;8,5;2,4;1,60;1,00;27,5;-18,6
18.01.2019;1,8;4,0;-0,5;0,00;1,00;27,5;-27,7
19.01.2019;-2,2;0,5;-4,2;0,00;1,00;31,8;-38,5
20.01.2019;-1,3;2,0;-5,1;0,00;1,00;30,7;-4,9
21.01.2019;-0,8;2,0;-3,7;0,00;1,00;67,5;-18,5
22.01.2019;-1,6;1,1;-4,2;0,00;1,00;32,4;-7,9
23.01.2019;-1,8;0,5;-4,9;0,00;1,00;51,9;-8,6
24.01.2019;-2,5;-1,2;-3,8;0,20;1,00;32,4;-4,2
25.01.2019;-0,9;2,0;-4,0;0,00;1,00;42,0;-1,8
26.01.2019;4,4;7,6;0,2;0,30;1,00;53,6;10,2
27.01.2019;6,5;9,5;3,0;0,00;1,00;51,5;-6,9
28.01.2019;2,8;3,6;2,2;1,80;1,00;30,5;-21,9
29.01.2019;2,2;5,1;0,5;0,00;1,00;54,7;-12,4
30.01.2019;2,2;5,2;0,1;0,00;1,00;38,5;-14,4
31.01.2019;1,2;5,5;-1,8;0,20;1,00;74,1;-4,3
01.02.2019;4,7;6,6;2,7;3,90;2,00;18,5;-6,7
02.02.2019;5,3;8,6;2,4;0,00;2,00;52,4;8,3
03.02.2019;3,2;6,4;1,7;0,30;2,00;13,8;-8,8
04.02.2019;2,3;5,4;-0,5;0,00;2,00;84,0;-10,4
05.02.2019;2,2;7,7;-1,5;0,00;2,00;92,3;-15,2
06.02.2019;2,3;9,5;-2,2;0,00;2,00;90,9;-15,3
07.02.2019;4,2;9,0;-1,0;0,00;2,00;22,7;-25,8
08.02.2019;6,7;10,6;4,1;0,00;2,00;81,4;4,3
09.02.2019;8,7;11,6;4,3;0,00;2,00;66,2;-6,2
10.02.2019;8,6;15,3;4,1;3,90;2,00;50,2;-12,4
11.02.2019;5,4;7,1;3,8;0,90;2,00;45,6;-6,2
12.02.2019;4,3;6,6;1,3;0,00;2,00;55,3;0,6
13.02.2019;4,4;11,4;-0,6;0,00;2,00;110,0;-1,8
14.02.2019;5,2;13,8;0,3;0,00;2,00;93,1;-11,1
15.02.2019;7,1;17,6;1,0;0,00;2,00;114,0;-6,5
16.02.2019;7,5;17,1;1,4;0,00;2,00;116,2;-8,1
17.02.2019;8,2;18,5;1,6;0,00;2,00;118,9;-7,5
18.02.2019;8,4;17,4;2,4;0,00;2,00;118,2;-7,6
19.02.2019;8,1;13,2;3,7;0,00;2,00;49,7;-12,1
20.02.2019;7,2;13,3;2,2;0,00;2,00;85,0;5,7
21.02.2019;8,7;15,0;3,4;0,00;2,00;90,3;16,9
22.02.2019;10,3;13,2;5,9;0,00;2,00;56,7;0,2
23.02.2019;6,3;11,1;2,2;0,00;2,00;120,2;2,9
24.02.2019;6,7;15,2;-0,3;0,00;2,00;133,1;3,9
25.02.2019;8,3;17,7;1,0;0,00;2,00;131,4;10,7
26.02.2019;10,0;19,2;3,2;0,00;2,00;130,4;9,7
27.02.2019;10,3;19,9;3,5;0,00;2,00;135,2;6,7
28.02.2019;12,3;20,3;5,5;0,00;2,00;129,3;18,5
01.03.2019;9,2;11,9;7,6;5,60;3,00;51,9;-1,5
02.03.2019;9,2;12,3;7,1;0,00;3,00;54,0;16,4
03.03.2019;11,1;13,6;7,7;0,00;3,00;59,6;11,6
04.03.2019;9,9;14,3;4,8;4,40;3,00;72,0;-0,6
05.03.2019;6,7;10,6;4,6;2,90;3,00;87,0;7,0
